Word,Meaning,Example,Note,Tag,Source,Date
implicit,suggested or understood without being stated directly (암시적인),He interpreted her comments as an implicit criticism of the government.,,,,"October 21, 2022 3:34 AM"
in a nutshell,"한마디로, 간단하면서도 명백하게 말하여 ",That’s pretty much the problem in a nutshell.,,,,"October 21, 2022 3:34 AM"
explicit,expressed in a way that is very clear and direct (명백한),I gave her very explicit directions how to get here.,,,,"October 21, 2022 3:34 AM"
reveal,"to make known or show something that is surprising or that was previously secret. (숨겨져 있던 사실 등을 밝히다, 폭로하다)",He would not reveal where he had hidden her chocolate eggs.,,,,"October 21, 2022 3:35 AM"
hands on,"실제의, 실지의",Many employers consider hands-on experience to be as useful as academic qualifications.,,,,"October 21, 2022 3:35 AM"
hangover,a pain in your head and a feeling of sickness that you get the day after you have drunk too much alcohol,I had a terrible hangover the next morning,알콜을 너무 많이 하여 머리가 아픈상태,,,"October 21, 2022 3:39 AM"
anniversary,date on which something special or important happened in a previous year (기념일),We always celebrate our wedding anniversary with dinner in an expensive restaurant.,,,,"October 21, 2022 3:39 AM"
as a result of,as a consequence of or due to,,,,,"October 21, 2022 3:39 AM"
thus,therefore or hence,,,,,"October 21, 2022 3:40 AM"
clime in,feel free to chime in the chat as we move along. Can I just chime in for a moment?,,,,,"October 21, 2022 3:41 AM"
get object out of the way,Let's get ... out of the way first. Let me get a few things out of the way first. Let's get the obvious stuff out of the way first.,,,,,"October 21, 2022 3:42 AM"
pinpoint,"(figure out), to locate or aim with great precision or accuracy, to fix, determine, or identify with precision",It's hard to pinpoint just one thing,,,,"October 21, 2022 3:44 AM"
takeaway,,,,,,"October 21, 2022 3:45 AM"
aim for,shoot for,We are aiming for sometime in May.,,,,"October 21, 2022 3:45 AM"
gravity,I don't think you get the gravity of the situation. I tend to gravitate towards healthy food.,,,,,"October 21, 2022 3:45 AM"
laser-focus,"Intensely paying attention to a single object, concept, person, or activity to the exclusion of everything else.",I need you to be laser-focused on this deal.,,,,"October 21, 2022 3:46 AM"
boost,increase or improve,You will boost sales if you increase advertising.,,,,"October 21, 2022 3:46 AM"
engage,occupy or attract our attention,Beautiful people engage our attention,,,,"October 21, 2022 3:47 AM"
workload,an amount of work to be done,My current workload keeps me very busy.,,,,"October 21, 2022 3:47 AM"
elaborate on,,Can you elaborate on,,,,"October 21, 2022 3:49 AM"
put together,,I could put together a report if you think it would help.,,,,"October 21, 2022 3:49 AM"
clarify,,Can you clarify?,,,,"October 21, 2022 3:49 AM"
sort out,just to sort out some final details,,,,,"October 21, 2022 3:49 AM"
off the clock,,We are off the clock. Let’s not talk about the work,,,,"October 21, 2022 3:50 AM"
wrap up,,At this point the meeting is wrapping up and hopefully you have been able to make good suggestions,,,,"October 21, 2022 3:50 AM"
comedy,,,,,,"October 21, 2022 3:51 AM"
not necessarily,"possibly, but not certainly (반드시 ..은 아니다, 꼭 그런것은 아니다)",Is it always so difficult? Not necessarily.,,,,"October 21, 2022 3:51 AM"
eligible,자격이 있는,All members are eligible to vote.,,,,"October 21, 2022 3:51 AM"
legwork,"work that involves much traveling to collect information, especially when such work is difficult but boring","Can you get it done by next week? It’s gonna take a lot of legwork, I need more time",,,,"October 21, 2022 3:51 AM"
bear,"to accept, tolerate, or endure something, especially something unpleasant",Please hear with me for a while (please wait while solving the current issue),,,,"October 21, 2022 3:52 AM"
affair,"a situation or subject that is being deal with or considered a sexual relationship, especially a secret one",,,,,"October 21, 2022 3:54 AM"
stroll,to walk somewhere in a slow relaxed way,,,,,"October 21, 2022 3:54 AM"
inept,(adjective) not good at doing something,"Peter was inept and lacked the intelligence to govern(통치하다, 다스리다).",,,,"October 21, 2022 3:55 AM"
braids,a hairstyle where hair is twisted together,My sister helped to put my hair in braids.,,,,"October 21, 2022 3:55 AM"
embrace,hug (포옹하다),Brenda greeted her grandmother with a warm embrace.,,,,"October 21, 2022 3:56 AM"
stream,play movies/music online,I use this website to sream movies on my tablet.,,,,"October 21, 2022 3:56 AM"
alarming,worrying,George read some alarming news on his laptop - the Earth's climate(기후) is warming up!,,,,"October 21, 2022 3:56 AM"
ruthless,having no morals(도덕),Joe was a ruthless businessman who would do anything to succeed.,,,,"October 21, 2022 3:57 AM"
reckon,think,I reckon it's going to rain.,,,,"October 21, 2022 3:57 AM"
grin,smile,Why is he grinning?,,,,"October 21, 2022 3:57 AM"
outgoing,enjoys being with other people,Jenny is such a fun and outgoing person.,,,,"October 21, 2022 3:57 AM"
soaked,completely wet,The kids got soaked playing in the rain.,,,,"October 21, 2022 3:58 AM"
gasbag,(noun) a person who always talks too much,Are you sure we should invite Sarah? She's such a gasbag that no one else will have a chance to say anything.,,,,"October 21, 2022 3:58 AM"
swift,fast,Every cowboy needs a swift horse.,,,,"October 21, 2022 3:58 AM"
dilemma,"a difficult choice, a difficult situation",Sarah faced a dilemma.,,,,"October 21, 2022 3:58 AM"
crisis,emergency situation,There was a crisis at the office today.,,,,"October 21, 2022 3:59 AM"
frail(쇠약한),Not physically strong,Grandpa is a little frail these days.,,,,"October 21, 2022 3:59 AM"
strenuous,requiring great effort,"Strenuous exercise is healthy, but be careful not to push yourself too hard!",,,,"October 21, 2022 3:59 AM"
essential,very important,It is essential for soldiers to be physically fit.,,,,"October 21, 2022 4:00 AM"
deny,to refuse responsibility for something,Charlie denied that he stole the money.,,,,"October 21, 2022 4:00 AM"
voracious,"very eager(열망하는) for something, especially a lot of food",Kids can have voracious appeties.,,,,"October 21, 2022 4:00 AM"
atrocious,terrible,The coffee here is atrocious!,,,,"October 21, 2022 4:00 AM"
sheepish,suddenly shy,Janice gets very sheepish around attractive guys.,,,,"October 21, 2022 4:01 AM"
handy,useful,This bag is handy for carrying my laptop.,,,,"October 21, 2022 4:01 AM"
leverage,advantage,Our superior supply chain gives us great leverage in our industry.,,,,"October 21, 2022 4:02 AM"
accordingly,in a way that is appropriate to the particular circumstance,It's your cousin's movie premiere. We should dress accordingly.,,,,"October 21, 2022 4:02 AM"
have a shot,"To have a chance to achieve, attain, or have success in something",Do you really think I have a shot at this pormotion?,,,,"October 21, 2022 4:02 AM"
anxious,worried,Maria was anxious that he might say no.,,,,"October 21, 2022 11:00 PM"
ad-hoc,"made or happening only for a particular purpose or need, not planned before it happens","We deal with problems on an ad hoc basis. (그때그때, 상황에 따라)",,,,"October 22, 2022 2:43 AM"
audition,a test performance an actor makes when trying to get a role in a play or movie.,after the audition,,,,"October 30, 2022 2:41 AM"
To be missing something,"to not have something, to be lacking something.",Ok it’s missing something.,,,,"October 30, 2022 2:42 AM"
purse,"a woman’s bag, usually made from leather used to carry money, and personal belongings.",really a purse?,,,,"October 30, 2022 2:44 AM"
odd,"to be strange, uncommon, or in this case unexpected",But it’s odd,,,,"October 30, 2022 2:45 AM"
doppelgangers,someone that looks very similar to another person (not a common expression),,,,,"November 1, 2022 5:16 AM"
eery,causing an inexplicable feeling of weirdness or even fear,It was an eery coincidence to see him again,,,,"November 1, 2022 5:16 AM"
look-alike,someone who looks like or resembles another person,,,,,"November 1, 2022 5:16 AM"
stripper,a person who removes their clothes in a exciting way,,,,,"November 1, 2022 5:16 AM"
eager (to do / -ing sth),enthusiastic about doing something,,,,,"November 1, 2022 5:16 AM"
turn out,"happen in a particular way, have a result",,,,,"November 1, 2022 5:16 AM"
it stands to reason,it’s obvious from the facts,,,,,"November 1, 2022 5:16 AM"
(it’s) go time,the planned start time for something specific,,,,,"November 1, 2022 5:17 AM"
(it’s a) deal,have an agreement/contract,,,,,"November 1, 2022 5:17 AM"
to leave up to,to give permission and responsibility to decide something,,,,,"November 1, 2022 5:17 AM"
boom,used to affirm something surprising or unexpected,,,,,"November 1, 2022 5:17 AM"
universed,a verb Marshall invented for the action of universe,,,,,"November 1, 2022 5:17 AM"
hassle," ",It’s too much hassle with the company,,,,"November 1, 2022 11:10 PM"
would think,"a way of saying “that would make sense, but no.”","You would think it’s cheaper, but it’s more expensive.",,,,"November 2, 2022 5:54 AM"
be familiar with,having a general understanding or knowledge about something,"Even though I’ve been here for over 10 years, I’m still not totally familiar with this city.",,,,"November 2, 2022 5:55 AM"
paradigm,"a pattern of something, a typical example or set of ideas.","I would think, as a waitress, you’d be familiar with the paradigm.",,,,"November 2, 2022 5:56 AM"
crawl back,"to return to someone, admitting that you were wrong, and ask for forgiveness",I believe he is waiting for you to come crawling back to him and apologize.,,,,"November 2, 2022 5:57 AM"
not gonna happen,commonly used to say we won’t do something someone is asking us or trying to force us to do.,"Well, that’s not going to happen.",,,,"November 2, 2022 5:58 AM"
assume,"guess that something is correct without really knowing, to suppose",,,,,"November 2, 2022 6:00 AM"
beverage,any type of drink,Aren’t you going to ask me if I want a beverage?,,,,"November 2, 2022 6:01 AM"
you must be,to make an assumption(가정) to predict something to be true.,"He is waring a big jacket, he must be cold.",,,,"November 5, 2022 3:00 AM"
it’s been so long,to say you haven’t seen someone for a long period of time.,It’s been so long since I saw you.,,,,"November 5, 2022 3:01 AM"
setting up,"to assemble (조립하다), put together.",He spent 3 hours setting up the stage for the band.,,,,"November 5, 2022 3:01 AM"
tent,a portable shelter used for camping. (머무르는 곳),,,,,"November 5, 2022 3:01 AM"
in line,in a row waiting to proceed,,,,,"November 5, 2022 3:01 AM"
so you DID see me,we use did in an affirmation (확언) to show that something happened contrary (상반되는) to what you had thought or expected,,,,,"November 5, 2022 3:02 AM"
fiance,a man who is engaged to get married (약혼자),,,,,"November 5, 2022 3:02 AM"
stare,to be looking intensely (진지하게) at someone or something (…을 빤히 쳐다보다),If you stare at the sun you could damage your eyes.,,,,"November 5, 2022 3:03 AM"
you do a great Chandler,to copy or impersonate (흉내내다) how somebody acts or moves.,,,,,"November 5, 2022 3:03 AM"
have a knack for something,to have a special ability or talent for something,Some people seem to have a knack for making money.,get the knack (요령을 익히다),,,"November 5, 2022 3:03 AM"
to get reacquainted,to become friends again if you haven’t seen someone for a long time you.,Are you acquainted with him?,acquainted: 안면이 있는,,,"November 5, 2022 3:04 AM"
tutor,"a private teacher that helps students get higher grades, or prepare for tests. (개인교사)",,,,,"November 5, 2022 3:44 AM"
roadie,"the profession of setting up stages and lights for bands (we say
roadie because they generally travel ‘on the road’ with the band).",,공연시 장비들을 운반하는 사람,,,"November 5, 2022 3:45 AM"
make fun of,"to ridicule (…을 비웃다) or tease (놀리다) someone in an unkind, or even playful(장난스러운) way. (…을 놀리다, 조롱하다)",He made fun of the kid for making a mistake.,,,,"November 5, 2022 3:45 AM"
how that saying goes,"a ‘saying’ is an expression which usually has a moral(도덕적인), or an inspiring(고무적인) message.",,,,,"November 5, 2022 3:46 AM"
cops,an informal way to say police. (경찰),,,,,"November 5, 2022 3:48 AM"
the heat,another informal way to say the police,,,,,"November 5, 2022 3:49 AM"
clown,someone who is not being professional (짜증나는 사람),I am not going to buy a car from that clown,,,,"November 5, 2022 3:49 AM"
craigslist,"very popular online advertisement forum, here you can find literally (말그대로) anything.",,,,,"November 5, 2022 3:50 AM"
PHD,"a doctorate in any disipline except medicine, Doctor of Philosophy Degree.",,,,,"November 5, 2022 3:50 AM"
big deal,"used to show that you are unimpressed (특별한 인상을 받지 못한), often with a sarcastic(비꼬는) tone.",,,,,"November 5, 2022 3:51 AM"
I’ll pass,expressions to say you are not interested when someone offers you something.,Wanna come to the movies? I’ll pass,,,,"November 5, 2022 3:52 AM"
pita bread,a flat piece of bread originating in the middle east.,,,,,"November 5, 2022 3:53 AM"
hummus,"a thick paste or spread made from ground chickpeas and sesame seeds, olive oil, lemon, and garlic, made originally in the Middle East",,,,,"November 5, 2022 3:53 AM"
finals,"the end of year, or semester tests in high school and college.",,,,,"November 5, 2022 3:54 AM"
self loathing,"the feeling of hating yourself, and feeling depressed (우울해 하는)",,,,,"November 5, 2022 3:55 AM"
give something away,"to reveal (드러내다, 폭로하다) a surprise or an answer while someone is still trying to discover it.",,,,,"November 5, 2022 3:55 AM"
just so you know,expression used to clarify that everyone understands.,"Just so you know, I am going to be late for the meeting tomorrow.",,,,"November 6, 2022 3:59 AM"
If it means that much to you,to say that you will do something to please someone else,"Ok, if it means that much to you I will come to the party.",,,,"November 6, 2022 3:59 AM"
a ton,a lot (comes from the weight of 1000 kilograms),,,,,"November 6, 2022 4:00 AM"
left over,remaining food that didn’t get eaten,,,,,"November 6, 2022 4:01 AM"
you’re telling me,expression used to suggest that you don’t believe what someone is telling you.,You’re telling me that someone stole your bag?,,,,"November 6, 2022 4:01 AM"
a sitting,a period of time that you are seated and eating a meal.,It took them 3 sittings to finish the whole cake.,,,,"November 6, 2022 4:02 AM"
have no give,"to have no flexibility, not able to stretch",Joey’s jeans have no give so they feel really right.,,,,"November 6, 2022 4:04 AM"
a sliver,"a small, think, narrow piece of something cut or split off a larger piece",Can I have a silver of cheese for my sandwich?,,,,"November 6, 2022 4:04 AM"
run out of something,to have all been consumed,I have to go to the store because I ran out of coffee.,,,,"November 6, 2022 4:05 AM"
thanksgiving,(신에 대한) 감사,,,,,"November 6, 2022 4:06 AM"
turkey,칠면조,The farm breeds turkeys.,,,,"November 6, 2022 4:10 AM"
You are my Everest:,"to climb Mount Everest is a huge life accomplishment, Joey is comparing his challenge to climbing Everest.",,,,,"November 6, 2022 4:13 AM"
maternity pants,pants worn by women when pregnant (임신한) to support their big belly (복부). Joey is wearing them to support his big belly from eating turkey.,,임신때 입는 바지,,,"November 6, 2022 4:13 AM"
borrow money,To take money with the intention of returning it later.,,,,,"November 7, 2022 3:37 AM"
how much you used to make,Used to implies an habitual action that doesn’t happen anymore.,Chandler used to make $2000 a month at his old job.,,,,"November 7, 2022 3:37 AM"
I am on fire,Expression meaning that you are winning or getting everything right.,"He is on fire today, he already scored 3 goals.",,,,"November 7, 2022 3:38 AM"
boob job,breast implants,,유방 성형 수술,,,"November 7, 2022 3:39 AM"
don’t look at me,"Don’t ask me for the answer, I don’t know anything.",,,,,"November 7, 2022 3:39 AM"
get his jokes,to understand and find his jokes funny,"Sorry, I didn’t get the joke.",,,,"November 7, 2022 3:40 AM"
compliment,"To say nice things about someone’s appearance, or behaviour.",He complimented her on her driving skills.,…을 칭찬하다.,,,"November 7, 2022 3:40 AM"
just when you thought,Expression meaning someone unexpectedly passed their limits.,"Just when I thought he was finished, he played another song.",,,,"November 7, 2022 3:41 AM"
What brought that on?,What caused that to happen?,,,,,"November 7, 2022 3:42 AM"
freak out,"Get really nervous, anxious, and scared.",I freaked out when I saw the big spider.,,,,"November 7, 2022 3:43 AM"
honey,Affectionate name used by couples.,"Honey, have you seen my keys?",,,,"November 7, 2022 3:43 AM"
whether you like it or not,this will happen independent of you opinion.,I am going to quit my job whether you like it or not.,,,,"November 7, 2022 3:44 AM"
package deal,To buy something at a discount price because you get the whole package.,I got a package deal with these toothbrushes,,,,"November 7, 2022 3:45 AM"
If it means that much to you,"If you really want this, I will support it.",If it means that much to you I will go to the party.,,,,"November 7, 2022 3:46 AM"
get on board,"To agree with you, support what you are doing.",,,,,"November 7, 2022 3:47 AM"
shooting out of her,"Coming out really quickly, like a gun shooting.",The ketchup shot out of the bottle.,,,,"November 7, 2022 3:47 AM"
I’m out $4000,I have spent $4000,,,,,"November 7, 2022 3:48 AM"
proportioned,균형이 잘 잡힌,,,,,"November 7, 2022 3:55 AM"
dude,일상에서 남자들을 가리킬때 쓰는 말,,,,,"November 7, 2022 4:02 AM"
weirder,the comparative form of the adjective weird.,,,,,"November 7, 2022 4:03 AM"
pregnant,의미심장한,,,,,"November 7, 2022 4:06 AM"
ass,엉덩이,,,,,"November 7, 2022 4:07 AM"
blad‧der,방광,,,,,"November 7, 2022 4:08 AM"
giant,거대한,,,,,"November 7, 2022 4:11 AM"
buddy,"a synonym for friend, but is often used to talk to people you don’t know","Hey buddy, do you have the time?",,,,"November 12, 2022 5:41 PM"
the heck,exclamation used to emphasize a question,What the heck is this guy goding?,,,,"November 12, 2022 5:42 PM"
disgust,"to cause someone to fee sick, or offended",The way he treats his wife disgusts me.,,,,"November 12, 2022 5:42 PM"
cool it,"relax, calm down",,,,,"November 12, 2022 5:45 PM"
zippy,adjective to describe someone who is very energetic or moves very quickly,,,,,"November 12, 2022 5:45 PM"
throne,"a chair sat on by kings and queens, and even Santa.",,,,,"November 12, 2022 5:46 PM"
come in late,,I came in late to the whole smartphone revolution,,,,"November 22, 2022 4:40 AM"
raving about sth,To talk about something you enjoy or admire in an excited way,"If you rave about a book you just read, you’re telling people you think it’s great, or you’re giving it a rave review (excellent review).",,,,"November 22, 2022 4:46 AM"
binge-watch,"A binge is a period of excessive indulgence in an activity, for example, drinking alcohol or eating.
Binge-watching means to watch multiple episodes of a TV show, one after another without stopping",We all had huge hangovers from binge-drinking all weekend.,,,,"November 22, 2022 4:49 AM"
To be obsessed with sth/sb,"To be excessively interested in or worried about something or somebody, in a way that you are unable to stop thinking about it or them.",I’m obsessed with chocolate ice cream.,,,,"November 22, 2022 4:51 AM"
sth is going on,To be happening,The meeting has been going on for almost two hours now.,,,,"November 22, 2022 4:56 AM"
ahead of time,"If you do something ahead of time, you do it before the time it was planned for or expected","If you start the project ahead of time, you won’t be under as much stress.",,,,"November 22, 2022 4:58 AM"
doesn’t quite see,The word “quite” is used for adding intensity or certainly to a verb or adjective. It is less emphatic than the words “very” and “extremely”.,,,,,"November 22, 2022 5:01 AM"
"sort of ","To some extent, in some way or another, similar to “kind of”",I was sort of hoping to leave early today.,Do you know what I mean? Sort of .. 대층,to learn,,"November 22, 2022 5:04 AM"
grow up,"to become an adult ",I grew up in a small town in North Carolina.,,to learn,,"November 22, 2022 5:05 AM"
twist somebody’s arm,"〘일상어〙 ⋯에게 강요하다, ⋯을 억지로 설득하다","Ted didn’t want to get another tattoo on his back, but Amber twisted his arm.",to persuade someone; to convince someone,to define,"Lesson 11, SELAA","March 30, 2023 12:48 AM"
talk sb into sth,⋯가 ⋯을 하도록 설득하다,"Chris didn’t want to jump out of the plane, but Erin talked him into it.",persuade; convince,to print,"Lesson 9, SELAA","March 27, 2023 11:17 PM"
,,,,,,"April 5, 2023 1:36 AM"
at first,처음에는,Don’t get discouraged if you don’t succeed at first. The important thing is that you keep on trying!,in the beginning,,Lesson 16,"April 5, 2023 7:13 PM"
get the hang of something,"요령을 알다, …의 방법을 배우다.","When I went snowboarding for the first time, I kept falling down. But after a while, I got the hang of it",to learn how to do something; to acquire an effective technique,,Lesson 16,"April 5, 2023 7:13 PM"
learn the ropes,일하는 법을 배우다.,Mark learned the ropes of the restaurant business by working as a cook at Outback Steakhouse.,to learn the basics,,Lesson 16,"April 5, 2023 7:13 PM"
second nature,"(제 2의 천성처럼) 습관, 행동","Karen has been arguing with her husband every day for the past 20 years, so by now it’s just second nature.","a behavior that has been practiced for so long, it seems to have been three always",,Lesson 16,"April 5, 2023 7:13 PM"
to tell you the truth,사실대로 말하자면,"To tell you the truth, Ted isn’t a very good student.",to speak openly; to admit,,Lesson 16,"April 5, 2023 7:13 PM"
pain in the neck,"귀찮은 존재[일]이다, 짜증 나는 존재[일]이다",Yesterday I had to stay home all day and wait for the repairman. What a pain in the neck!,an annoyance,,Lesson 16,"April 5, 2023 7:13 PM"
round up,"사람, 물건등을 모으다.",Let’s round up some volunteers to help bake cookies and pies for the bake sale.,to gather people together,,Lesson 16,"April 5, 2023 7:13 PM"
piece of cake,식은 죽 먹기다,Nicole finished her physics test in just 25 minutes. It was a piece of cake.,very easy,,Lesson 16,"April 5, 2023 7:14 PM"
in person,"(본인이) 직접, 개인적으로","After hearing so much about Donna’s boyfriend, I’m looking forward to meeting him in person.",personally; in one’s physical presense,,Lesson 16,"April 5, 2023 7:14 PM"
You guess is as good as mine,"나도 잘 모르겠어요, 당신이나 나나 모르기는 마찬가지예요",Will Ted graduate on time? You guess is as good as mine!,I don’t know; I don’t know any more than you do,,Lesson 16,"April 5, 2023 7:14 PM"
in any case,어쨌든,"You’ll probably be too tired on Sunday to come over. In any case, give me a call in the morning to discuss",Whatever the fact is; certainly,,Lesson 16,"April 5, 2023 7:14 PM"
keep somebody posted,(최근 소식 등을) ⋯에게 계속 알려주다,"Keep me posted about your plans for the summer. If you’re going to be at your cottage on the lake, I’d love to come visit.",to provide up-to-date information,,Lesson 16,"April 5, 2023 7:14 PM"
give (somebody) a ring,〘일상어〙 ⋯에게 전화하다,Give me a ring tomorrow so we can discuss plans for this weekend.,to telephone someone,,Lesson 16,"April 5, 2023 7:14 PM"
cottage,"ˈkɑːt̬ɪdʒ / (시골의) 작은 집, 오두막집",,,,Lesson 16,"April 5, 2023 7:27 PM"
insist,"⋯을 주장하다, 우기다",She has always insisted on her innocence. 그녀는 줄곧 자신의 결백을 주장해 왔다,,,Lesson 17,"April 7, 2023 12:18 AM"
sell like hotcakes,잘 팔린다.,Those new Fubu blue jeans are selling like hotcakes. All the girls love them.,to sell fast; to be a popular item,,Lesson 17,"April 7, 2023 12:18 AM"
sold out,"표가 다 팔린, <제품이> 다 팔린",Becky was really disappointed when she found out that the Britney Spears concert was sold out.,completely sold,,Lesson 17,"April 7, 2023 12:18 AM"
right away,곧,You need some sugar from your cookies? I’ll bring some over right away.,Immediately,,Lesson 17,"April 7, 2023 12:18 AM"
a tall order,"감당하기 힘든 일, 아주 어려운 요구",It’ll be a tall order to find a new governor as popular as the current one.,a task or goal that is difficult to achieve,,Lesson 17,"April 7, 2023 12:18 AM"
blow it,"망치다, 얼빠진 짓을 하다.",The actress got nervous and forgot all of her lines. She really blew it,to spoil an opportunity,,Lesson 17,"April 7, 2023 12:18 AM"
take off,(순식간에) 성공의 길에 있다.,Julia Roberts’ career took off with the film “Pretty Woman”,to become popular; to grow suddently,,Lesson 17,"April 7, 2023 12:18 AM"
burn the midnight oil,(공부∙일 등을 하느라) 늦은 밤까지 불을 밝히다,Michael burned the midnight oil studying for his algebra test.,to stay up late studying or working,,Lesson 17,"April 7, 2023 12:19 AM"
(to be) sitting pretty,"형편이 아주 좋다, 유리한 립장에 있다","After Chad won the lottery, he was really sitting pretty. He quit his job and bought a mansion in Malibu, California.",In a good position (often financially),,Lesson 17,"April 7, 2023 12:19 AM"
rest assured,(확실히 믿고) 안심하다. ⋯라는 것에 대해 안심하다[마음 푹 놓다],Rest assured that the police will find the thieves.,be sure,,Lesson 17,"April 7, 2023 12:19 AM"
do one’s best,최선을 다하다,"Although Ted did his best, he still failed his chemistry test.",to try as hard as possible,,Lesson 17,"April 7, 2023 12:19 AM"
deliver the goods,"(=come up with the goods) 기대에 부응하다, 약속을 지키다",I’m depending on you to finish the job on time. I know that you can deliver the goods!,to meet expectations; to do what’s required,,Lesson 17,"April 7, 2023 12:19 AM"
chitchat,"잡담, 수다","Okay, enough chitchat! Let’s start discussing this week’s reading assignment",casual conversation; gossip,,Lesson 17,"April 7, 2023 12:19 AM"
mansion,저택 (영국에서 아파트 이름에 쓰임),,,,Lesson 17,"April 10, 2023 3:30 AM"
lottery,"복권, win the lottery 복권에 당첨되다","If I won the lottery, I’d buy a beach house. 만약 복권에 당첨되면 해변가에 집을 살 수있을텐데",,,Lesson 17,"April 10, 2023 3:30 AM"
night owl,밤 늦게까지 자지 않고 활동하는 사람,I never go to bed before midnight. I’m a night owl.,a person who enjoys being active late at night,,Lesson 18,"April 10, 2023 3:06 AM"
stay up,(잘 시간에) 자지 않고 있다,"Whenever I stay up late, I regret it the next morning.",not to go to bed; to stay awake,,Lesson 18,"April 10, 2023 3:06 AM"
nothing doing,"(거절을 나타내어) 안 됩니다
(예상∙기대와 달리) 되지 않다, 아무 일도 일어나지 않다",You want me to buy the Golden Gate Bridge from you for a million bucks? Nothing doing!,Not a chance!,,Lesson 18,"April 10, 2023 3:06 AM"
lighten up,마음을 편하게 가지다,Don always takes his job so seriously. He needs to lighten up.,to stop taking things so seriously,,Lesson 18,"April 10, 2023 3:06 AM"
big shot,"〘일상어〙 거물, 유력자",Martin has become a real big shot in Hollywood. This year he produced several movies,a powerful or important person,,Lesson 18,"April 10, 2023 3:06 AM"
get on somebody’s nerves,"⋯의 신경에 거슬리다, ⋯을 짜증 나게 하다",My neighbor’s dog barks all night. It really gets on my nerves.,to annoy or irritate someone,,Lesson 18,"April 10, 2023 3:07 AM"
fool around,"(특별히 하는일이 없이) 놀다. 빈둥거리다,  [fool around with somebody]⋯와 바람피우다","If we keep fooling around here, we’ll be late the the restaurant!","to waste time, or spend it in a silly way",,Lesson 18,"April 10, 2023 3:07 AM"
get the show on the road,"지금 시작하다, 출발하다.",We can’t afford to waste any more time - let’s get the show on the road!,to start working; to begin an undertaking,,Lesson 18,"April 10, 2023 3:07 AM"
undertake,"<임무∙책임 등> 을 떠맡다, <행동∙계획 등> 에 착수하다",Baker undertook the job of writing the report. 베이커가 보고서를 작성하는 일을 맡았다,,,Lesson 18,"April 10, 2023 3:11 AM"
regret,⋯을 후회하다,Do you regret leaving your job? 직장을 그만둔 것을 후회하세요?,,,Lesson 18,"April 10, 2023 3:14 AM"
things are looking up,상황이 나아지고 있다,Elizabeth found a wonderful new job and just moved into a beautiful new apartment. Things are looking up for her.,things are improving,,Lesson 12,"April 10, 2023 3:54 AM"
like crazy,미친 듯이 많이[빠르게],"When Pete Sampras won the tennis match, the crowd started cheering like crazy.",with great speed or enthusiasm,,Lesson 12,"April 10, 2023 3:54 AM"
bite off more than you can chew,"과욕을 부리다, 무리를 하다",You agreed to host 50 exchange students from China? Aren’t you afraid you’ve bitten off more than you can chew?,to take on more than one is capable of; to take on too much,,Lesson 12,"April 10, 2023 3:54 AM"
like a chicken with its head cut off,"정신없이, 미친듯이","Ken was late for work, and he couldn’t find his car keys. He was running around his apartment like a chicken with its head cut off.",in a hysterical manner; in a frenzy; in a very nervous way,,Lesson 12,"April 10, 2023 3:54 AM"
pitch in,"두 팔 걷고 돕다, 돕기 위해 뛰어들다","If you need my help, just ask. I’d be happy to pitch in.",to help,,Lesson 12,"April 10, 2023 3:55 AM"
get going,"시작하다, 출발하다.","If you don’t get going on your homework soon, you’re going to be up all night",to get started on something; to set off for a destination; to leave,,Lesson 12,"April 10, 2023 3:55 AM"
never mind,신경 쓰지 마시오,Never mind what your friends say. You need to do what you think is right,don’t worry about something; forget it; it doesn’t matter,,Lesson 12,"April 10, 2023 3:55 AM"
help out,일을 도와주다,Amber offered to help out in the kitchen by chopping nuts.,to give assistance; to help,,Lesson 12,"April 10, 2023 3:55 AM"
for heaven’s sake,"(놀람∙화 등을 나타내며) 세상에, 도대체","Hurry up, for heaven’s sake! You’re going to be late for school.","a way of expressing emotions such as surprise, outrage, or impatience",,Lesson 12,"April 10, 2023 3:55 AM"
like pulling teeth,무척 힘든 일이다,It’s like pulling teeth getting Max to talk about his girlfriend.,very difficult,,Lesson 12,"April 10, 2023 3:55 AM"
outrage,"격분, 격노, 분개",,,,Lesson 12,"April 10, 2023 4:48 AM"
chop,<장작 등> 을 패다,,,,Lesson 12,"April 10, 2023 4:50 AM"
run around,"(이것저것 하느라) 분주히 움직이다, 이리저리 뛰어다니다",I’ve been running around all day making final arrangements for our trip to Costa Rica tomorrow.,to move about quickly,,Lesson 12,"April 10, 2023 4:55 AM"
in good spirits,행복한,"After she won the tennis tournament, Elizabeth was in good spirits.",happy; in a good mood,to learn,"Lesson 8, SELAA","March 24, 2023 12:05 AM"
good for you,(칭찬∙격려 등의 의미로) 잘했어요,You passed your math test? Good for you?,Good job! Well done,,Lesson 8,"April 10, 2023 5:15 AM"
beat around the bush,"말을 빙빙 돌리다, 에둘러 말하다","If you want something, tell me. Don’t beat around the bush!",to talk around the subject; to avoid getting to the point,,Lesson 8,"April 10, 2023 5:15 AM"
shell out,"(<돈>을) 쏟아붓다, 쓰다",How much am I going to have to shell out to get two tickets to the Rolling Stones concert?,to pay (often more than one would like),,Lesson 8,"April 10, 2023 5:15 AM"
made of money,부자,Max should be willing to loan you $10000 to start your new business. He’s made of money,very rich,,Lesson 8,"April 10, 2023 5:15 AM"
wise guy,아는[잘난] 척하는 사람,"When Mrs.Lee asked Joey what he wanted to be when he grew up, he said, “An adult” She told him not to be such a wise guy.",a smart aleck; one who makes a lot of sarcastic comments,,Lesson 8,"April 10, 2023 5:15 AM"
take the music world by storm,음악계를 뒤흔든다.,That new restaurant really took Chicago by storm!,to win popularity quickly,,Lesson 8,"April 10, 2023 5:15 AM"
pipe dream,"허황한 꿈, 꿈같은 이야기",You want to become a famous actor on Broadway? That sounds like a pipe dream.,an unrealistic hope,,Lesson 8,"April 10, 2023 5:16 AM"
dime a dozen,"널려 있다, 아주 흔하다","There are so many Starbucks coffee shops in Manhattan, they’re a dime a dozen.",so plentiful as to be nothing special; common,,Lesson 8,"April 10, 2023 5:16 AM"
make a splash,(대성공 등으로) 파란[돌풍]을 일으키다,Those new jeans really made a splash. All the kids are wearing them.,to win popularity quickly,,Lesson 8,"April 10, 2023 5:16 AM"
hard times,어려운 시절,"Since his wife left him for her dentist, Dan has been going through hard times.",a time of difficulty,,Lesson 8,"April 10, 2023 5:16 AM"
those are the breaks,나쁘다고 말할때 쓰는 표현,Your glasses fell on a rock and broke while you were fishing? Those are the breaks,when something bad happens and you can’t do anything about it,,Lesson 8,"April 10, 2023 5:16 AM"
pay somebody back,⋯에게 되돌려 주다,Nicole paid her friend back the $10 she borrowed.,to repay a loan or debt,,Lesson 8,"April 10, 2023 5:21 AM"
aleck,"잘난 체하는 사람, 건방진 사람",,,,Lesson 8,"April 10, 2023 5:24 AM"
sarcastic,"빈정대는, 비꼬는",Nick can be very sarcastic sometimes.,,,Lesson 8,"April 10, 2023 5:24 AM"
defeat,"패배, 패전",He was defeated by just 984 votes. 그는 겨우 984표 차로 패배했다,,,Lesson 19,"April 10, 2023 7:57 PM"
by a hair,아슬아슬하게,Larry won the bicycle race by a hair. The second-place winner came in just a second behind him.,just barely; very narrowly; by a small amount,,Lesson 19,"April 10, 2023 7:57 PM"
give up,"(<경찰 등>에게) 자수하다, 투항하다, ⋯하는 것을 포기하다",Bill gave up golf after realizing he’d never be good at it.,to admit defeat; to surrender,,Lesson 19,"April 10, 2023 7:57 PM"
live with it,<통증∙중병 등>을 안고[견디며] 살다,Your hair will never be straight. Just live with it!,to accept a difficult reality,,Lesson 19,"April 10, 2023 7:57 PM"
sure thing,"예, 물론입니다.","Gary bet all his money on a horse named Trixie, thinking she was a sure thing",an outcome that is assured,,Lesson 19,"April 10, 2023 7:57 PM"
mess up,"실수하다, 잘못하다",Amber messed up and put salt instead of sugar in the cookies,to make a mistake; to spoil an poortunity,,Lesson 19,"April 10, 2023 7:57 PM"
get real,정신 차려! 현실을 똑바로 보라!,You think you’re going to win $1 million in the lottery? Get real!,be serious or realistic about what’s going on,,Lesson 19,"April 10, 2023 7:57 PM"
put the blame on,…에게 책임을 들씌우다.,Don’t put the blame on me that your plants died while you were on vacation. You forgot to tell me to water them!,to name somebody else as responsible for a misdeed or misfortune,,Lesson 19,"April 10, 2023 7:57 PM"
give it somebody’s best shot,최선을 다하다.,I know you’re nervous about the interview. Just give it your best shot and see what happens.,to try as hard as somebody can,,Lesson 19,"April 10, 2023 7:57 PM"
set the record straight,"(잘못 알려진) 사실을 확실히 하다, 오해를 풀다","Ken knew his father was innocent, and he hoped he could set the record straight one day.",to correct an inaccurate account,,Lesson 19,"April 10, 2023 7:58 PM"
make a fool of somebody,⋯을 바보[웃음거리]로 만들다,Dan drank too much and then made a fool of himself,to cause oneself to look stupid,,Lesson 19,"April 10, 2023 7:58 PM"
fair and square,정정당당하게,Tony won the ping pong tournament fair and square,honestly,,Lesson 19,"April 10, 2023 7:58 PM"
go wrong,"<상황∙일 등이> 잘못 되어가다, (과정에서) 실수하다, 틀리다","Something went wrong with my neighbor’s car alarm system, and the alarm wouldn’t stop ringing all night.",to make a mistake; to go astray; to malfunction; to work incorrectly,,Lesson 19,"April 10, 2023 7:58 PM"
for sure,"〘일상어〙 (정확성을 나타내어) 확실히, 분명히","Mike is the most popular guy in school. If he runs for student body president, he’ll win for sure.",definitely,,Lesson 19,"April 10, 2023 7:58 PM"
tournament,승자 진출전,,,,Lesson 19,"April 10, 2023 8:00 PM"
rant and rave,"열변을 토하다, 고래고래 고함을 치다, 아우성 치다.",Please stop ranting and raving! Let’s discuss this issue in a calm manner,"to talk loudly, often in anger",,Lesson 20,"April 12, 2023 2:56 PM"
take aback,"⋯을 깜짝 놀라게 하다, ⋯을 어안이 벙벙하게 하다",I was taken aback when my friend asked me if she could borrow my toothbrush because she forgot hers at home.,surprised (almost always in a negative sense),,Lesson 20,"April 12, 2023 2:56 PM"
as a matter of fact,(방금 한 말에 더하여) 사실은,"We need more milk? As a matter of fact, I was just going to ask you to go shopping.",in fact; actually,,Lesson 20,"April 12, 2023 2:56 PM"
proportion,(두 수량 사이의) 비률,,,,Lesson 20,"April 12, 2023 2:56 PM"
blow things out of proportion,"<문제∙상황 등>을 실제보다 부풀리다, ⋯을 과장하다",They sent a 12 year-old boy to jail for biting his babysitter? Don’t you think they’re blowing things out of proportion?,to exaggerate; to make more of something than one should,,Lesson 20,"April 12, 2023 2:56 PM"
throw the book at somebody,⋯에게 엄벌을 내리다,"When Ted failed his chemistry test the second time, his teacher really threw the book at him.",to punish or chide severely,,Lesson 20,"April 12, 2023 2:57 PM"
find out,⋯을 알아내다,Al is calling the theater to find out what time the movie starts.,to learn; to discover,,Lesson 20,"April 12, 2023 2:57 PM"
sweep something under the rug,"..을 감추다, 그냥 묻어두다, 비밀로 하다.",Let’s just sweep this incident under the rug and move on.,"to hide something, often a scandal",,Lesson 20,"April 12, 2023 2:57 PM"
get a handle on,<상황∙문제 등>을 파악하다,This new computer program is very difficult. I still haven’t gotten a handle on it.,to gain an understanding of,,Lesson 20,"April 12, 2023 2:57 PM"
one’s heart goes out to somebody,"⋯에게 마음이 가다, ⋯에게 동정심을 느끼다",My heart goes out to the Richard. Their home was destroyed in a fire.,to feel sorry for someone,,Lesson 20,"April 12, 2023 2:57 PM"
get one’s act together,"정신 차리다, 제대로 하다","If Ted gets his act together now, he might be able to get into a good college.",to get organized; to start operating more effectively,,Lesson 20,"April 12, 2023 2:57 PM"
knock oneself out,록초가 되도록 일하다,"Ted knocked himself out getting votes for Nicole, and she didn’t even say think you.",to work very hard at something,,Lesson 20,"April 12, 2023 2:57 PM"
exaggerate,"과장하다, 부풀려 말하다",I couldn’t sleep for three days – I’m not exaggerating. 나는 4일동안 잠을 못 잤다. 과장이 아니다.,,,Lesson 20,"April 12, 2023 2:59 PM"
jail,"⋯을 투옥하다, 수감하다",,,,Lesson 20,"April 12, 2023 2:59 PM"
scandal,(개선되어야 할) 수치(스러운 일),,,,Lesson 20,"April 12, 2023 3:05 PM"
chide,⋯을 꾸짖다,,,,Lesson 20,"April 12, 2023 3:07 PM"
all over,"전면적인, 전체에 걸친","Nicole’s classmates are from all over the world, including Argentina, China, Japan, and Ukraine.",throughout; everywhere,,Lesson 21,"April 14, 2023 4:34 PM"
on a shoestring,"매우 적은 돈으로, 얼마 안 되는 밑천으로",Bob and Susan were living on a shoestring after Bob lost his job.,on a very low budget,,Lesson 21,"April 14, 2023 4:35 PM"
track record,"실적, 성과","We’ve spoken to your past employers, so we know you’ve got an excellent track record.",a record of achievements or performances,,Lesson 21,"April 14, 2023 4:35 PM"
in that case,"그런 경우라면, (만약) 그렇다면","It’s snowing? In that case, you’d better take the bus to school today instead of driving.",under that circumstance,,Lesson 21,"April 14, 2023 4:35 PM"
come to an agreement,합의[결론]에 도달하다,"If we can come to an agreement now, I can start work on Monday.",to reach an agreement,,Lesson 21,"April 14, 2023 4:35 PM"
make somebody’s day,⋯을 매우 기쁘게 하다,Our neighbors with the crazy dogs are moving away? That really makes my day!,to give one great satisfaction,,Lesson 21,"April 14, 2023 4:35 PM"
work out,"<계획∙안 등>을 짜내다, 고안하다, (특정 방향으로) <상황이> 풀리다, 진행되다",Nicole spent half the night helping Ted work out a very difficult chemistry problem.,to find a solution; to resolve,,Lesson 21,"April 14, 2023 4:35 PM"
nuts and bolts,"(<특정 분야∙일 등>의) 실제적인 사항, ⋯의 기본 사항",I don’t need to know the nuts and bolts of how the computer works - just show me how to turn it on.,details; basic components of something,,Lesson 21,"April 14, 2023 4:35 PM"
get in touch with,(⋯와) 련락하다,Leave me your contact information in case I need to get in touch with you while you’re on vacation,to be or to get in contact with somebody,,Lesson 21,"April 14, 2023 4:35 PM"
look forward to,⋯을 고대하다,I’m looking forward to my trip to Mexico next month.,to anticipate eagerly,,Lesson 21,"April 14, 2023 4:35 PM"
dragon lady,고압적이고 공격적인 녀자,Beth is a real dragon lady. She’s always screaming at her employees and blaming them for her mistakes. I hope she gets fired!,a nasty woman who misuses her power,,Lesson 22,"April 14, 2023 4:44 PM"
better off,형편이 좋아진,"We’re better off leaving for France on Thursday evening, so we can spend the entire weekend there.",in a more fortunate position,,Lesson 22,"April 14, 2023 4:44 PM"
nothing to do with somebody,⋯와 상관없다,"After I found out that Nora shoplifted some lipstick from the drugstore, I wanted nothing to do with her.",not have any relationship with someone; to not get involved with something,,Lesson 22,"April 14, 2023 4:44 PM"
That’s the way the cookie crumbles,(체념하며) 세상 일이 다 그렇지 뭐,You lost your job? That’s the way the cookie crumbles.,that’s the way things go sometimes and there’s nothing you can do about it.,,Lesson 22,"April 14, 2023 4:45 PM"
get it,리해하다,"I invited 40 people to my Thanksgiving dinner, but only 10 people came. I don’t get it!",to understand,,Lesson 22,"April 14, 2023 4:45 PM"
no laughing matter,웃어넘길 문제가 아니다,"When the tornado came into town, it was no laughing matter.",nothing to joke about; something serious,,Lesson 22,"April 14, 2023 4:45 PM"
buy out,⋯의 주식[지분]을 매입하다,Microsoft bought out Adam’s company for $12 million.,to purchase an entire business or someone’s share of a business,,Lesson 22,"April 14, 2023 4:45 PM"
dream come true,꿈이 이루어지다.,,,,Lesson 22,"April 14, 2023 4:45 PM"
strike it rich,큰 돈을 벌다,Chad struck it rich with the winning lottery ticket.,to attain sudden financial success,,Lesson 22,"April 14, 2023 4:45 PM"
rolling in dough,돈 많다,Susan and Bob don’t need to work anymore. They’re rolling in dough.,very rich,,Lesson 22,"April 14, 2023 4:45 PM"
stop by,(<특정 장소>에) 들리다,I’m having some friends over for pizza tomorrow night. Why don’t you stop by?,to pay a quick visit,,Lesson 23,"April 16, 2023 11:18 PM"
come on in,들어오세요,"Come on in, the door’s open",enter,,Lesson 23,"April 16, 2023 11:19 PM"
hold a grudge against (somebody),…에게 뒤끝이 있다.,Nicole holds a grudge against Jenny for voting for Andrea instead of her.,to stay angry with someone about a past offense,,Lesson 23,"April 16, 2023 11:19 PM"
burn somebody up,⋯을 열 받게 하다,Jenny didn’t vote for Nicole. That really burns Nicole up,to make someone angry,,Lesson 23,"April 16, 2023 11:19 PM"
no hard feelings,"나쁜 감정은 없다, 나쁘게 생각하지 말라","After the elections, Andrea said to Nicole, “I hope there are no hard feelings.”",no anger; no bitterness,,Lesson 23,"April 16, 2023 11:19 PM"
three sheets to the wind,완전 취하다,"After drinking four beers, Bob was three sheets to the wind.",drunk,,Lesson 23,"April 16, 2023 11:19 PM"
get rid of,"<필요 없는 것 등>을 버리다, 처분하다, <사람>을 내쫓다","We finally got rid of out spider problem, but now we have ants.",to free oneself of; to throw out,,Lesson 23,"April 16, 2023 11:19 PM"
get something straight,<사실 등>을 제대로 파악하다[리해하다],Are you sure you got the directions straight?,to clarify; to understand,,Lesson 23,"April 16, 2023 11:20 PM"
get plastered,술에 취하다.,Harold got plastered at the wedding and fell into the wedding cake.,to get drunk,,Lesson 23,"April 16, 2023 11:20 PM"
on the job,"업무 중에, 직장에서",Jennifer has for men on the job painting her house.,at work,,Lesson 23,"April 16, 2023 11:20 PM"
lose somebody’s head,"잃어버리다, 상실하다.",Nicole lost her head after losing the elections and started yelling at all her friends.,to lose control of one’s behavior; to not know what one is doing,,Lesson 23,"April 16, 2023 11:20 PM"
level with somebody,(사실을 숨기거나 속이다가) ⋯에게 솔직하게 털어놓다,Let me level with you. I’m voting for Andrea instead of you.,to speak openly and honestly with someone,,Lesson 23,"April 16, 2023 11:20 PM"
let somebody go,"⋯을 내보내다, 해고하다","The investment bank let Chris go after they discovering he was stealing erasers, paper clips, and other office supplies.",to fire; dismiss employees,,Lesson 23,"April 16, 2023 11:20 PM"
no use crying over spilt milk,이미 엎질러진 물이다,"Nicole realized she’d made some mistakes with her campaign for president, but there was no use crying over spilt milk.",there’s no point in regretting something that’s too late to change,,Lesson 23,"April 16, 2023 11:20 PM"
not on your life,"말도 안돼!, 어림없는 소리!",You want me to sit in that sauna for an hour? Not on your life!,definitely not,,Lesson 23,"April 16, 2023 11:20 PM"
well off,"부유한, 유복한",Debbie is a doctor and her husband is a lawyer. They’re quite well off.,wealthy; financially secure,,Lesson 23,"April 16, 2023 11:21 PM"
small fortune,큰돈,"When her great aunt died, Anne inherited a small fortune.",a good amount of money,,Lesson 23,"April 16, 2023 11:21 PM"
all along,"처음부터 (줄곧), 내내","Jenny told Nicole she would vote for her, but all along she was planning on voting for Andrea.",from beginning to end,,Lesson 24,"April 17, 2023 3:47 AM"
in charge of,(⋯을) 담당하다 …을 책임지다.,John is in charge of all international sales for his company.,having responsibility for,,Lesson 24,"April 17, 2023 3:47 AM"
lyrics,가사,I can’t remember the lyrics.,,,Lesson 24,"April 17, 2023 3:47 AM"
be sick and tired of,"신물이 나다, 지긋지긋하다.",Ted is sick and tired of hearing about what an excellent student Nicole is,completely bored with; sick of,,Lesson 24,"April 17, 2023 3:47 AM"
freak out,"기겁하다, 몹시 흥분하다",Ashley’s parents freaked out when she told them she was dropping out of college to become an actress.,to respond to something irrationally or crazily; to overreact,,Lesson 24,"April 17, 2023 3:48 AM"
first things first,우선 중요한 것부터,"You want to work here at Lulu’s Dance Club? First things first, have you ever worked as a dancer before?",let’s focus on the most important thing or task first,,Lesson 24,"April 17, 2023 3:48 AM"
in progress,진행 중에 있는,"Once the test is in progress, you will not be allowed to leave the room.",happening; under way; going on now,,Lesson 24,"April 17, 2023 3:48 AM"
buy time,시간을 벌다,We’re not sure yet whether or not we want to buy the house. We’d better buy some time so we can think about it over the weekend.,to make more time available,,Lesson 24,"April 17, 2023 3:48 AM"
cut it out,그만 좀 해,Cut it out! Stop trying to pull my shoes off!,stop it; stop the annoying behavior,,Lesson 24,"April 17, 2023 3:48 AM"
all better,"이젠 괜찮다, 다 나았다","If you’re not all better, you shouldn’t go to work tomorrow.",completely cured,,Lesson 24,"April 17, 2023 3:48 AM"
tease,"<사람> 을 놀리다, 곯리다",Did people tease you when you were a kid?,,,Lesson 24,"April 17, 2023 3:49 AM"
cure,"<환자 등> 을 치료하다, 완치하다",90% of patients can be cured of the disease.,,,Lesson 24,"April 17, 2023 3:49 AM"
make a fortune,큰돈을 벌다,Adam made a fortune when he sold his company to Microsoft.,to make a lot of money,,Lesson 24,"April 17, 2023 3:49 AM"
chill out,긴장을 풀라,"Chill out! If we miss this train, we’ll just take the next one.",to relax,,Lesson 24,"April 17, 2023 3:49 AM"
break into,,"If you want to break into journalism, it’s a good idea to work on a college newspaper.",to enter or be let into a profession,,Lesson 25,"April 18, 2023 7:38 PM"
spending money,,"Before Tim left for Europe, his parents gave him $400 in spending money.",money for minor expenses,,Lesson 25,"April 18, 2023 7:38 PM"
foot the bill,,You paid last time we went to the movies. Let me foot the bill this time.,to pay,,Lesson 25,"April 18, 2023 7:38 PM"
wine and dine,,Donna wined and dined Bob and Susan and then presented them with a contract for the sale of Susan’s Scrumptious Cookies.,to take someone out for an evening or an expensive meal,,Lesson 25,"April 18, 2023 7:38 PM"
cream of the crop,,"In the world of women’s tennis, the Williams sisters are the cream of the crop.",the best of a group,,Lesson 25,"April 18, 2023 7:38 PM"
be out of it,,Don’t ask for Susan’s advice on fashion. She’s really out of it. She wears sneakers with everything.,not aware or knowledgeable about trends or modern habits,,Lesson 25,"April 18, 2023 7:38 PM"
winning streak,,The basketball team hasn’t lost a game all season. They’re on a winning streak!,a series of wins,,Lesson 25,"April 18, 2023 7:38 PM"
big deal,,You won five dollars in the lottery? Big deal!,So what? That doesn’t really matter,,Lesson 25,"April 18, 2023 7:38 PM"
wrap up,,"If you wrap up your homework by eight o’clock, we’ll have time to catch a movie tonight.",to finish,,Lesson 25,"April 18, 2023 7:38 PM"
at all,In any way; to any extent,"Are you hungry, at all?
Robin never really liked him at all.",,learned,,"November 22, 2022 5:27 AM"
yank,⋯을 확 잡아당기다,One of the men grabbed Tom’s hair and yanked his head back.,"To pull something hard and suddenly, with a quick movement",to define,,"November 22, 2022 5:32 AM"
grateful,"고맙게 생각하는, 감사하는",,,to define,,"November 24, 2022 4:53 AM"
fulfilling,<일∙경험 등이> 만족감[성취감]을 주는,"I used to earn more money when I worked at the bank, but I find teaching much more fulfilling.",A feeling of utter (complete) happiness and satisfaction,to define,,"November 24, 2022 4:53 AM"
To have someone,누군가가 당신의 손님이라는것을 말하는 다른 방법,It’s been a joy having you at my house this weekend.,Another way to say that someone is your guest.,to define,,"November 24, 2022 4:54 AM"
anytime,"This is another way of saying “you’re welcome” when someone tells you, “thanks”.",,,to define,,"November 24, 2022 4:55 AM"
any time,at whatever time,,,to define,,"November 24, 2022 4:56 AM"
I would say,Used for giving your opinion when you think other people might not agree.,"We’ve been to more expensive hotels, but I’d say this is the one with the best service.",,to define,,"November 24, 2022 4:57 AM"
deserve,"⋯할 자격이 있다, ⋯해 마땅하다",We didn’t deserve to win. 우리는 이길 자격이 없었다,,learned,,"November 24, 2022 4:57 AM"
go out on a limb,To do something or say something that’s different from what other people do or say.,,,to define,,"November 24, 2022 4:59 AM"
To move someone,"If something moves you or is moving, it means that it causes you to feel strong emotions.",,,to define,,"November 24, 2022 5:02 AM"
" bullshit",something that is stupid or completely untrue.,,,to define,,"November 24, 2022 5:03 AM"
I am kidding,Another way to say that you are joking.,,,to define,,"November 24, 2022 5:04 AM"
"digest [daɪˈdʒest, də-]","to change food that you have just eaten into substances that your body can use. to understand new information, especially when there is a lot of it or it is difficult to understand",I struggled to digest the news.,"음식을 소화하다, 정보를 리해하다.",to learn,,"November 28, 2022 3:03 PM"
elevate,to lift someone or something to a higher position,,"수준, 지위등을 향상시키다. 사람을 승진시키다. elevate sb to sth, …을 …에 올려놓다.",to learn,,"November 28, 2022 3:07 PM"
expenditure,the total amount of money that person spends during a particular period of time (= income),Unnecessary expenditure of time and money,"시간, 로력등의 소비, 지출",to learn,,"November 28, 2022 3:12 PM"
humble,not considering yourself or your ideas to be as important as other people’s,,겸손한,to learn,,"November 28, 2022 3:15 PM"
intensify,"to increase in degree or strength, or to make something do this",,"..을 강화하다, 감정등을 격화시키다.",to learn,,"November 28, 2022 3:17 PM"
elicit,"to succeed in getting information or a reaction from someone, especially when this is difficult",The test uses pictures to elicit words from the child.,…정보등을 이끌어내다. 유도하다.,to learn,,"November 29, 2022 6:56 PM"
gamble,"to risk money or possessions on the result of something such as a card game or a race, whey you do not know for certain what the result will be (=bet)",We won $700 gambling in Las Vegas.,도박을 하다.,to learn,,"November 29, 2022 6:56 PM"
dignity,the ability to behave in a calm controlled way even in a difficult situation,The family faced their ordeal with dignity.,"위엄있게, 품위있게",to learn,,"November 29, 2022 6:56 PM"
majesty,,,"웅장한, 장엄한",to learn,,"November 29, 2022 6:56 PM"
critical,,,,to learn,,"November 29, 2022 6:56 PM"
suffer a setback,좌절을 겪다.,,,to learn,,"January 27, 2023 2:30 PM"
stalemate,교착상태,,,to learn,,"January 27, 2023 2:31 PM"
offensive,공격,They are expected to launch a major offensive,,to learn,,"January 27, 2023 2:32 PM"
provoke,"(반응, 감정)을 불러일으키다. 유발하다.",,,to learn,,"January 27, 2023 2:34 PM"
coughing ~ up,(돈)을 마지못해 주다,,,to learn,,"January 27, 2023 2:34 PM"
allies,2차세계대전의 련합국,,,to learn,,"January 27, 2023 2:35 PM"
critics,"비평가, 평론가",,,to learn,,"January 27, 2023 2:36 PM"
confrontation,"(의견, 사상등의) 대립, 대치, 교전, 싸움",,,to learn,,"January 27, 2023 2:36 PM"
invade,"..을 침략하다, 침공하다.",The Romans invaded Britain 2000 years ago.,,to learn,,"January 27, 2023 2:37 PM"
abortion,임신중절,,,to learn,,"January 27, 2023 2:45 PM"
suspend,"일시 중지하다, 보류하다",,,to learn,,"January 27, 2023 2:48 PM"
attorney,변호사,,,to learn,,"January 27, 2023 2:50 PM"
allege,..의 혐의를 제기하다.,,,to learn,,"January 27, 2023 2:51 PM"
threaten,"사람을 위협하다, 협박하다.",Are you threatening me?,,to learn,,"January 27, 2023 2:52 PM"
inspire,"…을 고무하다, 자극하다",Hi inspired many young people to take up the sport,,to learn,,"January 27, 2023 3:57 PM"
immerse,,,,to define,,"January 27, 2023 3:57 PM"
health vs fitness,"health는 질병이 없고 의학적으로 몸에 이상이 없는 상태, fitness는 한발 더 나가서 신체적활동에 문제가 없는 튼튼한 상태.",,,to define,,"January 30, 2023 8:46 AM"
shy,"수줍어 하는, 부끄럼 타는",,,to define,,"January 30, 2023 8:48 AM"
be looking to do something,"⋯하려고 하다, ⋯하는 것을 기대하다",,,learned,,"February 10, 2023 1:24 AM"
write down,"적다, 기록하다, 필기하다",,,to learn,,"February 11, 2023 7:28 AM"
obvious,"명백한, 분명한",,,to define,,"February 11, 2023 7:30 AM"
ritual,"규칙적으로 하는 일, 일과",,,to define,,"February 11, 2023 7:32 AM"
evidence,"(존재∙사실 등의) 증거, 근거",At present we have no evidence of life on other planets.,,to define,,"February 14, 2023 4:05 PM"
slump,"매상, 물가 등이 급락하다. 폭락하다.",Sales slumped by 20% last year,,to define,,"February 14, 2023 4:20 PM"
motivation,"의욕, 의지",a high level of motivation,,to define,,"February 14, 2023 4:21 PM"
hang out,빈등빈등하다,I don’t really know who she hangs out with.,,to learn,,"February 15, 2023 4:22 AM"
get / become involved with somebody,"⋯와 교제하게 되다, ⋯와 깊은 사이가 되다",,,to define,,"February 15, 2023 4:25 AM"
unfulfilled,"(삶∙직업 등에서) 성취감을 못 느끼는, 만족스럽지 못한",,,to define,,"February 15, 2023 4:26 AM"
reveal,"<숨겨져 있던 사실 등> 을 밝히다, 드러내다, 폭로하다",The information was first revealed in a Sunday newspaper.,,to learn,,"February 15, 2023 4:31 AM"
no matter that,"⋯라도 상관없이, 비록 ⋯이지만",,,to define,,"February 15, 2023 4:36 AM"
for years,앞으로 몇년동안,,,to learn,,"February 15, 2023 4:38 AM"
admit,인정하다,,,to learn,,"February 15, 2023 4:45 AM"
pursue,"<특정 활동 등> 을 계속 해나가다, <목적∙취미 등> 을 추구하다, <계획 등> 을 추진하다",pursue a career,,to define,,"February 15, 2023 4:48 AM"
diffuse,분산시키다,"You can’t diffuse your energy, trying to do a little bit of everything, or you’ll always be in conflict with yourself.",,to define,,"February 15, 2023 4:50 AM"
in conflict with somebody,⋯와 대립하는,,,to define,,"February 15, 2023 4:51 AM"
disastrous,"끔찍한, 재앙과도 같은",disastrous floods,,to define,,"February 20, 2023 12:50 AM"
rescue,"<사람∙동물 등> 을 구조하다, 구출하다",,,to define,,"February 20, 2023 12:51 AM"
halt,<생산∙건설 등> 중단시키다,,,to define,,"February 20, 2023 12:55 AM"
distraction,"주의를 산만하게 하는 것, 집중을 방해하는 것",I can’t work at home – there are too many distractions.,,to define,,"February 20, 2023 3:04 AM"
wind down,"긴장을 풀다, 편하게 쉬다",I find it difficult to wind down after a day at work.,,to define,,"February 20, 2023 3:07 AM"
jot,"<간단한 내용> 을 재빨리 적다, ⋯을 메모하다",,,to define,,"February 20, 2023 3:26 AM"
reshuffle,재배치하다,,,to define,,"February 20, 2023 4:25 AM"
treaty,"조약, 협약",,,to define,,"February 22, 2023 3:48 PM"
lawmaker,(국회)의원,,,to define,,"February 22, 2023 3:49 PM"
protest,항의,She ignored his protests and walked away.,,to define,,"February 22, 2023 3:50 PM"
judiciary,법관,,,to define,,"February 22, 2023 3:51 PM"
beam,"(전자∙전자파 등의) 광선, 빛(줄기), 빛살",,,to define,,"February 23, 2023 1:50 AM"
engage,"<관심∙주의 등> 을 끌다, 사로잡다",The toy didn’t engage her interest for long.,,to define,,"February 23, 2023 1:51 AM"
immersed,"몰두한, 열중한",be immersed in something,,to define,,"February 23, 2023 1:53 AM"
proactive,"미리 대처하는, 주도적인, 적극적인",,,to define,,"February 23, 2023 1:55 AM"
payoff,"혜택, 리득, 보상",an advantage  or profit that you get as a result of doing something,,to define,,"February 23, 2023 1:56 AM"
look up/over/at/on,"up: (사전∙콤퓨터 등에서) ⋯을 찾아보다
at: (문제점 등을 찾기 위해) ⋯을 살펴보다, 검사하다
on: (나서지 않고) 지켜보기만 하다
out: <오래전 물건 등>을 찾아놓다, 찾아보다",,,to define,,"February 24, 2023 7:14 AM"
get up/off/over/on,"off: (<뻐스∙기차∙비행기 등>에서) 내리다, 퇴근하다
in: 차에 타다
on: 일이 되어가다, 일을 해나가다 (Let me know how you get on.)
up: (잠자리에서) 일어나다",,,to define,,"February 24, 2023 7:14 AM"
sleep in,늦게까지 자다,"On the weekend, I sleep in until 11 AM.",stay in bed longer,to print,,"February 24, 2023 7:15 AM"
get up,(잠자리에서) 일어나다,I get up at 7 AM.,leave bed,to learn,,"February 24, 2023 7:16 AM"
head out,,I head out at 8 AM,leave the house,to define,,"February 24, 2023 7:17 AM"
heat up,<음식 등> 을 데우다,I heat up my lunch in a microwave,make food from before hot,to print,,"February 24, 2023 7:18 AM"
work out,운동하다,I work out every day,excercise,to define,,"February 24, 2023 7:18 AM"
warm up,"준비운동을 하다, 몸을 풀다",I warm up before exercising,light version of activity,to print,,"February 24, 2023 7:19 AM"
meet up (with),⋯와 만나다,I meet up with my friends at a cafe,meet (informal),to define,,"February 24, 2023 7:21 AM"
go out,(밖으로) 나가다,I go out at 8:30 PM,leave the house,to define,,"February 24, 2023 7:21 AM"
get in,(집∙직장에) 도착하다,I get in at 10 PM.,return home,to define,,"February 24, 2023 7:21 AM"
tidy up,(<집∙방∙책상 등>을) (깔끔하게) 치우다,I tidy up my apartment,organize your belongings,to learn,,"February 24, 2023 7:23 AM"
landslide,"(산)사태, 토사 붕괴",,,to define,,"February 24, 2023 3:33 PM"
urge somebody to do something,⋯에게 ⋯하라고 권고하다,The police are urging drivers to avoid the area.,,to define,,"February 24, 2023 3:34 PM"
violence,폭력 (행위),the increase in violence in our city centers,,to define,,"February 24, 2023 3:36 PM"
democracy,,,,to define,,"February 28, 2023 4:00 PM"
harm,,,,to define,,"February 28, 2023 4:01 PM"
know of,…에 대해 알다,,,to learn,,"February 28, 2023 4:04 PM"
high and dry,leave someone in a tough situation,He left me high and dry,,to define,,"February 28, 2023 4:05 PM"
neglect,"<사람∙사업 등> 을 방치하다, 돌보지 않다, ⋯을 소홀히 하다",I’ve been neglecting my friends lately.,,to define,,"February 28, 2023 4:07 PM"
stubborn,"〘부정적〙 <사람∙성격 등이> 고집스러운, 완고한",,,to define,,"March 5, 2023 3:32 PM"
temper,욱하는 성질,"a bad / quick / short / violent temper, 고약한[성급한, 성마른, 난폭한] 성미",,to define,,"March 5, 2023 3:33 PM"
immigrant,"ɪməgrənt/리주자 ",,,to define,,"March 5, 2023 3:35 PM"
deport,"<불법체류자 등> 을 강제 송환하다, 추방하다",,,to define,,"March 5, 2023 3:36 PM"
diplomat,외교관,,,to learn,,"March 5, 2023 3:37 PM"
blow,<바람이> 불다,An icy wind was blowing. 얼음같이 차가운 바람이 불고 있었다,,to define,,"March 5, 2023 3:47 PM"
regret to inform / say / announce that,"⋯을 알리게[말하게, 공표하게] 되어 유감이다",,,to define,,"March 5, 2023 3:49 PM"
most likely,"분명히, 틀림없이",,,to print,,"March 5, 2023 3:52 PM"
compensation,"[kɑːmpənˈseɪʃən] 배상금, 보상금",,,to define,,"March 5, 2023 3:54 PM"
insist,"고집하다, 강요하다",He insisted on going with me. 그는 나와 같이 가겠다고 고집했다,,to define,,"March 5, 2023 3:57 PM"
salmon,련어,,,to learn,,"March 5, 2023 4:56 PM"
look after,"⋯을 돌보다, 보살피다",Who looks after the kids while you’re at work? 회사에 있는 동안 누가 아이들을 돌보나요?,,to learn,,"March 5, 2023 5:03 PM"
appalled,"[əˈpɔːld] 질겁한, 경악한",,,to define,,"March 5, 2023 5:06 PM"
anxious,"[æŋkʃəs] 걱정하는, 불안해하는",,,to define,,"March 5, 2023 5:07 PM"
sympathetically,[sɪmpəˈθet̬ɪkli] 호의적으로,,,to define,,"March 5, 2023 5:08 PM"
flirtatiously,[fləːʳˈteɪʃəs] 추파를 던지듯이,,,to define,,"March 5, 2023 5:08 PM"
reassuringly,"[riːəˈʃʊ(ə)rɪŋ] 안심시키려는 듯이, 마음이 놓이게",,,to define,,"March 5, 2023 5:09 PM"
dismissively,"무시하는 듯이, 대수롭지 않다는 듯이",,,to define,,"March 5, 2023 5:10 PM"
get along,"서로 잘 지내다, 사이가 좋다","get along with somebody ⋯와 잘 지내다, ⋯와 사이가 좋다",,to define,,"March 5, 2023 5:14 PM"
run out,"<시간∙돈 등이> 바닥나다, 다 떨어지다",My patience was running out. 내 인내심은 한계를 보이고 있었다,,to print,,"March 5, 2023 5:16 PM"
shame,"유감스러운 일, 아쉬운 상황",It’s a shame you can’t come with us. 우리와 함께 갈수 없다니 아쉽구나.,,to learn,,"March 5, 2023 5:17 PM"
cod,대구,,,to define,,"March 5, 2023 5:18 PM"
heel,(신발의) 굽,,,to define,,"March 5, 2023 5:19 PM"
ridiculous,"터무니없는, 말도 안 되는, 우스꽝스러운",,,to define,,"March 5, 2023 5:21 PM"
scatty,"주의가 산만한, 덜렁대는",,,to define,,"March 5, 2023 5:23 PM"
cut down,"…의 량 (수, 규모)를 줄이다.",Taking these precautions would cut down the risk of fires. 이런 예방조치들을 취하면 화재 위험이 줄어들 것이다,,to print,,"March 6, 2023 7:24 AM"
break the news,소식을 알리다,"Samantha and Michael are getting married, but they haven’t yet broken the news to their parents.",to make something known,to learn,"Lesson 1, SELAA","March 6, 2023 7:31 AM"
cost an arm and a leg,엄청나게 비싸다. 엄청난 돈이 들다.,A college education in America costs an arm and a leg.,to be very expensive,to learn,"Lesson 1, SELAA","March 13, 2023 4:13 AM"
top dollar,많은 돈,Nicole paid top dollar for a shirt at Banana Republic.,the highest end of a price range; a lot of money,to learn,"Lesson 1, SELAA","March 13, 2023 4:17 AM"
give sb the creeps,겁을 주다. 섬뜩함을 주다,There was a strange man following me around the grocery store. He was giving me the creeps!,to create a feeling of disgust or horror,to learn,"Lesson 1, SELAA","March 13, 2023 4:20 AM"
grocery,식료품,,,to learn,"Lesson 1, SELAA","March 13, 2023 4:22 AM"
disgust,"혐오감 ",,in disgust 진절머리가 나서,to learn,"Lesson 1, SELAA","March 13, 2023 4:22 AM"
horror,"공포, 무서움",,,to learn,"Lesson 1, SELAA","March 13, 2023 4:22 AM"
must be + ing,…하고 있음이 틀림없어,Someone must be lying. 누군가 거짓말을 하고 있는것이 분명하다.,,to print,"Lesson 1, SELAA","March 13, 2023 4:29 AM"
go belly-up,<회사가> 파산하다,My company lost $3 million last year. We might go belly-up.,to go bankrupt,to learn,"Lesson 1, SELAA","March 13, 2023 4:31 AM"
save the day,"[곤경, 실패, 패배 등]을 면하다.","We forgot to buy champagne for our New Year’s party, but Sonia brought some and really saved the day!",to prevent a disaster or misfortune,to learn,"Lesson 1, SELAA","March 13, 2023 4:36 AM"
disaster,"[dɪˈzæstəʳ] 재난, 재해, 참사",,,to learn,"Lesson 1, SELAA","March 13, 2023 4:37 AM"
misfortune,[mɪsˈfɔːʳtʃən] 불운,,,to learn,"Lesson 1, SELAA","March 13, 2023 4:37 AM"
campaign,[kæmˈpeɪn] (정치적∙사회적) 운동,,,to learn,"Lesson 1, SELAA","March 13, 2023 4:42 AM"
let’s face it,"(불쾌한 사실∙상황 등을) 인정하자, 받아들이자",,accept a difficult reality,to print,"Lesson 1, SELAA","March 13, 2023 4:43 AM"
real flop,실패작,,a failure,to print,"Lesson 1, SELAA","March 13, 2023 4:44 AM"
go back to the drawing board,시작부터 다시 시작하다.,"Frank’s new business failed, so he had to go back to the drawing board.",to start again from the beginning,to print,"Lesson 1, SELAA","March 13, 2023 4:45 AM"
give someone the ax,누군가를 해고하다.,He was given the ax two days before Christmas.,to fire someone,to learn,"Lesson 1, SELAA","March 13, 2023 4:47 AM"
sharp as a tack,매우 총명한,Jay scored 100% on his science test. He’s as sharp as a tack.,very intelligent,to learn,"Lesson 1, SELAA","March 13, 2023 4:50 AM"
talk over,론의하다,Dave and I spent hours talking over the details of the plan.,to discuss,to print,"Lesson 1, SELAA","March 13, 2023 4:54 AM"
after all,어쨌든,"You shouldn’t be upset – after all, you asked him to leave. 속상해 할것 없어. 어쨌든 당신은 그에게 떠나달가고 했으니까.",,to learn,"Lesson 1, SELAA","March 13, 2023 4:58 AM"
no point in,…해봐야 소용없다. 의미없다.,There’s no point in worrying about things you can’t change.,no reason to; it’s not worth (doing something),to print,"Lesson 1, SELAA","March 13, 2023 5:01 AM"
make up one’s mind,"결정하다, 마음먹다",,to reach a decision; to decide,to print,"Lesson 1, SELAA","March 13, 2023 5:04 AM"
at least,적어도,"We’ve run out of coffee, but at least we still have tea.",anyway,to print,"Lesson 1, SELAA","March 13, 2023 5:06 AM"
put up with,"(불평없이) 참다, 받아들이다.","For many years, Barbara put up with her husband’s annoying behavior. Finally, she decided to leave him.",to endure without complaint,to learn,"Lesson 1, SELAA","March 13, 2023 5:07 AM"
dead-end job,장래성이 없는 직업,Diane realized that working as a cashier was a dead-end job.,a job that won’t lead to anything else,to print,"Lesson 1, SELAA","March 13, 2023 5:11 AM"
lose one’s temper,버럭 화를 내다,"When Ted handed in his essay two weeks late, his teacher really lost her temper.",to become very angry,to learn,"Lesson 1, SELAA","March 13, 2023 5:14 AM"
essay,(학생이 과제로 쓰는) 보고서,,,to learn,"Lesson 1, SELAA","March 13, 2023 5:16 AM"
get canned,해고되다.,"After Chris got canned, it took him a year to find a new job.",to lose one’s job; to get fired,to learn,"Lesson 2, SELAA","March 14, 2023 3:38 AM"
right-hand man,"심복, 오른팔","When Jack Thompson retired as president of his company, his right-hand man took over.",the most helpful assistant or employee,to learn,"Lesson 2, SELAA","March 14, 2023 3:39 AM"
stab someone in the back,…을 배신하다.,"Jill and Heather were friends, until Heather stabbed Jill in the back by stealing her boyfriend.",to betray someone,to learn,"Lesson 2, SELAA","March 14, 2023 3:40 AM"
betray,"<친구∙가족 등> 을 배신하다, 밀고하다",He felt betrayed by her.,,to learn,"Lesson 2, SELAA","March 14, 2023 3:41 AM"
keep someone’s chin up,"힘내라, 기죽지 말라.",Keep you chin up! You’ll find your lost dog soon.,to stay positive,to print,"Lesson 2, SELAA","March 14, 2023 3:44 AM"
When pigs fly,해가 서쪽에서 뜨겠다야. 절대 일어날수 없는 일을 빗대서 하는 말.,Will Ted teach Nicole how to play the guitar? When pigs fly!,Never,to learn,"Lesson 2, SELAA","March 14, 2023 3:46 AM"
tell off (= scold),…을 엄하게 꾸짖다.,"When Ted showed up for chemistry class a half an hour late, his teacher really told him off.",to scold; to tell someone in strong words what one really thinks,to print,"Lesson 2, SELAA","March 14, 2023 3:49 AM"
show up,"(약속 장소 등에) 나타나다, 모습을 드러내다",Sue showed up twenty minutes late for class.,,to print,"Lesson 2, SELAA","March 14, 2023 3:51 AM"
look on the bright side,"(주로 나쁜 상황에서) 밝은 면을 보다, 긍정적으로 생각하다","Leo was upset that his soccer game was canceled. His mother said, “Look on the bright side, now you can stay home and watch TV.”",to be optimistic; to think about the positive part or aspect of a situation,to learn,"Lesson 2, SELAA","March 14, 2023 3:55 AM"
set eyes on,"(특히 처음으로) ⋯을 보다, 만나다",Ted was in love from the moment he set eyes on Amber.,to look at; to see for the first time,to learn,"Lesson 2, SELAA","March 14, 2023 4:36 AM"
optimistic,"락천적인, 락관적인",,,to learn,"Lesson 2, SELAA","March 14, 2023 4:37 AM"
thank goodness,"(천만) 다행이다, 감사합니다.","When Ted came home at 4 am. last Sunday, his mother said “Thank goodness you’re home! I was so worried about you.”",I’m grateful; I’m relieved,to learn,"Lesson 2, SELAA","March 14, 2023 4:38 AM"
relieved,마음이 놓이는,,,to learn,"Lesson 2, SELAA","March 14, 2023 4:40 AM"
hang in there,"(어려운 상황에서) 버티여내다, 견디여내다","I know you’re four games behind, but you can still win the tennis match. Just hang in there!",to persevere; to not give up,to learn,"Lesson 2, SELAA","March 14, 2023 4:41 AM"
persevere,"끈기 있게 노력하다, 불굴의 정신으로 계속하다",,,to learn,"Lesson 2, SELAA","March 14, 2023 4:43 AM"
out of work,직업이 없는,Gary was out of work for a year before finding a new job.,unemployed; not working,to print,"Lesson 2, SELAA","March 14, 2023 4:43 AM"
live from hand to mouth,하루 벌어 하루 먹고 살다,Jenny was earning $5 an hour working at the store. She was really living from hand to mouth.,to barely have enough money to survive,to print,"Lesson 2, SELAA","March 14, 2023 4:44 AM"
stress out,스트레스로 지치다.,You’ve been so stressed out lately. You really need to take a long vacation.,under severe strain; very anxious,to learn,"Lesson 2, SELAA","March 14, 2023 4:46 AM"
make ends meet,"수지 균형을 맞추다, (수입 내에서) 생계를 꾸려나가다","If you can’t make ends meet, you’ll need to start spending less.",to manage one’s money so as to have enough to live on; to be okay financially,to print,"Lesson 2, SELAA","March 14, 2023 4:48 AM"
last resort,"마지막으로 기대할 곳, 최후의 수단",I don’t like taking medicine. I’ll only take it as a last resort.,if there are no other alternatives left; the last solution for getting out of a difficulty,to print,"Lesson 2, SELAA","March 14, 2023 4:50 AM"
if worse comes to worst,최악의 상황이 되면,"I know you’re running out of money. If worse comes to worst, you can always sell some of your jewelry.",in the worst case; if absolutely necessary,to learn,"Lesson 2, SELAA","March 14, 2023 4:52 AM"
jewelry,[dʒuːəlri] 보석,,,to learn,"Lesson 2, SELAA","March 14, 2023 4:53 AM"
severe,"사태∙문제 등이> 심각한, <피해∙고생 등이> 극심한",,,to learn,"Lesson 2, SELAA","March 14, 2023 4:53 AM"
strain,"(심신에 대한) 중압감, 스트레스",,,to learn,"Lesson 2, SELAA","March 14, 2023 4:54 AM"
think big,"생각의 폭을 넓히다, 크게 생각하다",Ken and Sandra hope to sell their house for $3 million dollars. They always think big.,to set high goals,to learn,"Lesson 2, SELAA","March 14, 2023 4:55 AM"
easier said than done,말처럼 쉽지 않은,Moving into a new home is easier said than done,more difficult than you think,to learn,"Lesson 2, SELAA","March 14, 2023 4:56 AM"
blow something,"(실수로) 날려버리다, 망쳐버리다",Brenda blew the interview and didn’t get the job offer.,to spoil or botch something,to learn,"Lesson 3, SELAA","March 15, 2023 6:52 AM"
spoil,"⋯을 망치다, 엉망으로 만들다",Your aunt really spoils you.,,to learn,"Lesson 3, SELAA","March 15, 2023 6:54 AM"
botch,"(부주의∙기술 부족 등으로) ⋯을 망쳐놓다, 엉망으로 만들다",The police were accused of botching the investigation.,,to learn,"Lesson 3, SELAA","March 15, 2023 6:55 AM"
cut class,수업[학교]에 빠지다.,Ted often cuts class to spend more time with his girlfriend,to miss class without an excuse,to learn,"Lesson 3, SELAA","March 15, 2023 6:56 AM"
slack off,"(전보다) 게을리 하다, 꾀부리다",Amanda doesn’t get much done at the office. She’s too busy slacking off.,to waste time,to learn,"Lesson 3, SELAA","March 15, 2023 6:57 AM"
hit the books,열심히 공부하기 시작하다,"Ted partied all weekend. Finally, on Sunday night, he decided it was time to hit the books.",to start studying,to print,"Lesson 3, SELAA","March 15, 2023 6:59 AM"
can’t stand,싫어하다.,Nicole can’t stand broccoli. She simply refuses to eat it.,to hate,to learn,"Lesson 3, SELAA","March 15, 2023 7:00 AM"
a lost cause,가망 없는 사람[것],"Cindy spent five years studying Russian. Finally, she realized it was a lost cause. She would never learn it.",something hopeless,to learn,"Lesson 3, SELAA","March 15, 2023 7:02 AM"
over one’s head,⋯의 머리로는 리해하지 못하다,The professor was speaking over our heads. None of us could understand him.,beyond one’s understanding,to learn,"Lesson 3, SELAA","March 15, 2023 7:03 AM"
buckle down,본격적으로 일에 착수하다,"If Don buckles down now, he might be able to graduate from high school this year.",to start working seriously,to print,"Lesson 3, SELAA","March 15, 2023 7:05 AM"
not give a hoot,전혀 관심 없다,Tom likes to walk around town in his pajamas - he doesn’t give a hoot what people think.,to not care about,to learn,"Lesson 3, SELAA","March 15, 2023 7:06 AM"
pajamas,잠옷,,,to learn,"Lesson 3, SELAA","March 15, 2023 7:08 AM"
atom,원자,,,to learn,"Lesson 3, SELAA","March 15, 2023 7:08 AM"
molecule,분자,,,to learn,"Lesson 3, SELAA","March 15, 2023 7:08 AM"
beside the point,"상관없다, 중요하지 않다.","The reason you’re late is beside the point. The fact is, your dinner is now cold.",not relevant; not important,to print,"Lesson 3, SELAA","March 15, 2023 7:11 AM"
have one’s heart set on,"⋯을 강렬히 바라다, ⋯으로 마음을 정하다",Did you really have your heart set on going to Harvard?,to really want something,to learn,"Lesson 3, SELAA","March 15, 2023 7:12 AM"
stand a chance,(⋯할) 가능성[희망]이 있다,"Although the American figure skaters were good, they didn’t stand a chance of winning a gold medal at the Olympics.",to have the possibility of success,to learn,"Lesson 3, SELAA","March 15, 2023 7:14 AM"
pay (someone) a compliment,⋯을 칭찬하다,Professor Russo paid Jennifer a compliment. He said she had a beautiful smile.,to give someone a compliment; to offer someone an admiring comment,to learn,"Lesson 4, SELAA","March 22, 2023 4:18 AM"
compliment,"칭찬, 찬사",Being compared to my father is a great compliment.,,to learn,"Lesson 4, SELAA","March 22, 2023 4:19 AM"
admire,"⋯을 존경하다, 높이 평가하다",I admire your honesty.,,to learn,"Lesson 4, SELAA","March 22, 2023 4:19 AM"
head and shoulders above,⋯보다 훨씬 뛰어나다,The Boston Symphony Orchestra is head an shoulders above any other orchestra in the area.,far superior to,to learn,"Lesson 4, SELAA","March 22, 2023 4:21 AM"
way to go!,"(칭찬하며) 잘했어!, 잘됐다!",You won $2000 in the poetry writing contest? Way to go!,Good work!,to print,"Lesson 4, SELAA","March 22, 2023 4:22 AM"
poetry,시,,,to learn,"Lesson 4, SELAA","March 22, 2023 4:22 AM"
go into,…을 시작하다.,"Do you like solving people’s problems? If so, you should consider going into psychology.","1. Enter. Go into the house and get a pen.
2. Enter another emotional state. Sally went into hysterics.
3. Discuss details. I don’t have time now to go into the whole story.",to print,"Lesson 4, SELAA","March 22, 2023 4:22 AM"
gung ho,극도로 열성적인,Heather is really gung ho about her new job.,very enthusiastic; very excited,to learn,"Lesson 4, SELAA","March 22, 2023 4:24 AM"
drive somebody crazy,⋯을 미치게[짜증나게] 만들다,Don’t ask Mrs.Smith how old she is. It drives her crazy.,to annoy someone very much,to learn,"Lesson 4, SELAA","March 22, 2023 4:25 AM"
butt in,(대화에) 불쑥 끼어들다,Sara is really rude. She always butts in to other people’s conversations.,to interrupt; to interfere,to learn,"Lesson 4, SELAA","March 22, 2023 4:26 AM"
interfere,"참견하다, 간섭하다",It’s not your problem - don’t interfere.,,to learn,"Lesson 4, SELAA","March 22, 2023 4:27 AM"
hit the nail on the head,(발언 등이) 정확히 찌르다,Steve hit the nail on the head with his idea of moving his company’s manufacturing facility to China.,to be right,to print,"Lesson 4, SELAA","March 22, 2023 4:27 AM"
green with envy,부러워 배가 아픈,"When Daniel got promoted to vice president of the bank, his colleagues were green with envy.",desiring another’s advantages or things,to print,"Lesson 4, SELAA","March 22, 2023 4:28 AM"
shut up,입을 다물다,"Nicole kept telling Ted to turn down his stereo. Finally, he got angry and said, “Shut up!”","1. be quiet, stop speaking
EX: The professor talked for hours. I thought he’d never shut up.
2. Stop speaking",to learn,"Lesson 4, SELAA","March 22, 2023 4:28 AM"
shake in one’s shoes,공포에 떨다.,"During the storm, Billy was hiding under his kitchen table and was really shaking in his shoes.",to tremble with fear; to be afraid,to learn,"Lesson 4, SELAA","March 22, 2023 4:29 AM"
on thin ice with someone,"위험천만한, 아슬아슬한",Joey was on thin ice with his mom after he spent his lunch money on candy bars.,to be in a dangerous position; to be temporarily on sombody’s bad side,to learn,"Lesson 4, SELAA","March 22, 2023 4:30 AM"
tremble,공포에 떨다,"Polly hide behind the door, trembling with fear. 폴리는 공포에 떨며 문 뒤에 숨었다",,to learn,"Lesson 4, SELAA","March 22, 2023 4:33 AM"
jealous,(자질∙능력 등을) 질투하는,Why are you so jealous of his success?,,to learn,"Lesson 4, SELAA","March 22, 2023 4:47 AM"
have a heart of gold,마음씨가 비단결처럼 곱다,You adopted five children from a Romanian orphanage? You’ve got a heart of a gold!,to be very kind and giving,to learn,"Lesson 6, SELAA","March 22, 2023 6:00 AM"
pig out,"과식하다, 폭식하다, 많이 먹다.","Nicole, stop pigging out on cookies or you’ll never be able to eat your dinner!",to eat greedily; to stuff oneself,to learn,"Lesson 6, SELAA","March 22, 2023 6:02 AM"
greedily,"탐욕스럽게, 게걸스럽게",,,to learn,"Lesson 6, SELAA","March 22, 2023 6:03 AM"
cheer someone up,…을 기쁘게하다. 힘내게 하다.,Susan called her friend in the hospital to cheer her up.,to make someone happy,to learn,"Lesson 6, SELAA","March 22, 2023 6:03 AM"
in a bad mood,"기분이 좋지 않다, 저기압이다",I don’t like to see you in a bad mood. How can I cheer you up?,unhappy; depressed,to learn,"Lesson 6, SELAA","March 22, 2023 6:04 AM"
on edge,신경이 곤두선,"Whenever Susan feels on edge, she takes several deep breaths and starts to feel more relaxed.",nervous,to learn,"Lesson 6, SELAA","March 22, 2023 6:05 AM"
(just) what the doctor ordered,"(문제 해결 등을 위해) (딱) 필요한 것, 바로 원하던 것",Our trip to Florida was so relaxing. It was just what the doctor ordered!,exactly what was needed,to learn,"Lesson 6, SELAA","March 22, 2023 6:05 AM"
help yourself,(⋯을) 마음껏 가져다 먹다[마시다],You don’t need to wait for me to offer you something. Please just help yourself to whatever you want.,serve yourself,to learn,"Lesson 6, SELAA","March 22, 2023 6:06 AM"
out of the world,"너무나 훌륭한, 뛰어난","Mmmm, I love your chicken soup. It’s out of the world!",delicious,to print,"Lesson 6, SELAA","March 22, 2023 6:07 AM"
go into business,기업을 시작하다.,Jeff decided to go into business selling baseball cards.,to start a business,to print,"Lesson 6, SELAA","March 22, 2023 6:08 AM"
make a bundle,돈을 많이 벌다.,Bob’s friend Charles made a bundle in the stock market and retired at age 45.,to make a lot of money,to learn,"Lesson 6, SELAA","March 22, 2023 6:08 AM"
good thinking,좋은 생각이에요,I’m glad you brought an umbrella - that was good thinking!,good idea; smart planning,to learn,"Lesson 6, SELAA","March 22, 2023 6:08 AM"
give someone credit,…를 인정하다,The scientist gave his assistant credit for the discovery.,to acknowledge someone’s contribution,to learn,"Lesson 6, SELAA","March 22, 2023 6:10 AM"
give credit where credit is due,어떤 사람의 공적이나 능력을 솔직하게 인정하거나 감사해야 한다는 뜻이다. 입은 비뚤어져도 말은 바로 하여야 한다..,I will be sure to thank you when I give my speech. I always give credit where credit is due.,to give thanks or acknowledgement to the person who deserves it,to learn,"Lesson 6, SELAA","March 22, 2023 6:11 AM"
bright and early,이른 아침에,"Our flight to Berlin leaves at 7:00 a.m. tomorrow, so we’ll have to get up bright and early.",early in the morning,to print,"Lesson 7, SELAA","March 23, 2023 11:54 PM"
not sleep a wink,한잠도 못 자다,Ted was so nervous about his chemistry test that he didn’t sleep a wink the night before.,to be awake all night,to print,"Lesson 7, SELAA","March 23, 2023 11:55 PM"
work like a dog,뼈빠지게 일하다.,"Larry became an investment banker after college, and now he works like a dong.",to work very hard,to print,"Lesson 7, SELAA","March 23, 2023 11:56 PM"
Fat chance!,"'가능성이 희박함', '그럴리가 없다' 등의 뜻으로 아주 낮은 가능성을 나타내는 말",The boy at school are always laughing at Dana. Will she be invited to the school dance? Fat chance!,definitely not,to learn,"Lesson 7, SELAA","March 23, 2023 11:56 PM"
not have a clue,전혀 모른다.,"Bob talks about working at McDonald’s, but the truth is he doesn’t have a clue about making hamburgers.",to know nothing about,to print,"Lesson 7, SELAA","March 23, 2023 11:58 PM"
crash course,"단기집중강습 ","Yesterday, Joan’s son sat down with her for a couple of hours and gave her a crash course on using the Internet.",short and intensive instruction,to learn,"Lesson 7, SELAA","March 23, 2023 11:58 PM"
needless to say,"〘구어〙 말할 필요도 없이, 당연하게","You’ve got a test tomorrow morning. Needless to say, you can’t stay out late tonight.",obvisously,to learn,"Lesson 7, SELAA","March 24, 2023 12:00 AM"
mixed feelings,복잡다단한,"I have mixed feelings about the president of our company. He’s good with the clients, but he’s nasty to his employees.",to feel positive about one aspect of something and negative about another,to learn,"Lesson 7, SELAA","March 24, 2023 12:01 AM"
nasty,"<사람∙발언∙행위 등이> 고약한, 못된, 심술궂은",He has a nasty temper. 그는 성격이 고약하다,,to learn,"Lesson 7, SELAA","March 24, 2023 12:02 AM"
happy camper,"행복한, 만족스러운 사람","When Linda’s passport was stolen in Florence, she was not a happy camper.","a happy person; a satisfied participant ",to learn,"Lesson 7, SELAA","March 24, 2023 12:03 AM"
give it a shot,한번 해보다. 무엇인가 시도해 보다.,"I’ve never tried to make wine in my bathtub  before, but perhaps I’ll give it a shot.",to try something,to learn,"Lesson 7, SELAA","March 24, 2023 12:04 AM"
bathtub,욕조,,,to learn,"Lesson 7, SELAA","March 24, 2023 12:04 AM"
loan,⋯을 빌려주다,Jeff loaned us his car for the weekend.,,to learn,"Lesson 7, SELAA","March 24, 2023 12:05 AM"
a tough break,재수없는 일이 생겼을 때 쓰인다.,It was a tough break for us when Caroline quit. She was one of out top performers.,"When something unfortunate happens, it can be called a “tough break”",to learn,"Lesson 5, SELAA","March 26, 2023 3:21 PM"
drop by,(집에) 잠시 들리다.,"If we have time before the movie, let’s drop by Bill’s house.","to pay a short, often unannounced visit",to print,"Lesson 5, SELAA","March 26, 2023 10:45 PM"
up in the air,"아직 확실치 않다, 미결정 상태다","It might rain later, so our plans for the picnic are up in the air.",not yet determined; uncertain,to print,"Lesson 5, SELAA","March 26, 2023 10:47 PM"
hang around,"(⋯에서) 빈둥거리다, 얼쩡거리다",We had to hang around the airport for an extra six hours because our flight was delayed.,to spend time idly; to linger,to learn,"Lesson 5, SELAA","March 26, 2023 10:48 PM"
down in the dumps,우울하다.,It’s easy to feel down in the dumps when it’s raining outside,to feel sad; to be depressed,to learn,"Lesson 5, SELAA","March 26, 2023 10:49 PM"
crazy about,"⋯에게 미쳐 있다, ⋯에게 푹 빠져있다","Amy is so crazy about golf, she’d like to play every day.",to like very much,to print,"Lesson 5, SELAA","March 26, 2023 10:49 PM"
take something the wrong way,"<발언 등>을 나쁘게 듣다, ⋯을 오해하다","Don’t take this the wrong way, but I liked your hair better before you got it cut.",to take offense,to learn,"Lesson 5, SELAA","March 26, 2023 10:50 PM"
cup of tea,"⋯이 좋아하는 것이 아니다, ⋯의 취미에 맞지 않다","I know Joy is nice, but she’s simply not my cup of tea.",the type of person or thing that one generally likes,to learn,"Lesson 5, SELAA","March 26, 2023 10:51 PM"
take it easy,"진정하라, 흥분하지 말라, 슬렁슬렁하다.","You lost your keys? Take it easy, I am sure you’ll find them.",relax; don’t worry,to print,"Lesson 5, SELAA","March 26, 2023 10:52 PM"
hang out,"한가로이 보내다, 빈둥빈둥하다",Ted spent all of last summer hanging out by his friend’s pool,to spend time (often doing nothing),to print,"Lesson 5, SELAA","March 26, 2023 10:53 PM"
there’s no accounting for taste,"취향은 가지가지다, 사람마다 기호가 다른 법이다",Ted likes to put sugar on his spaghetti. I guess there’s no accounting for taste.,it’s impossible to explain individual likes and dislikes,to learn,"Lesson 5, SELAA","March 26, 2023 10:55 PM"
have a blast,즐거운 시간을 보내다.,"Last summer, Nicole had a blast backpacking through Europe with some friends.",to enjoy oneself very much,to learn,"Lesson 5, SELAA","March 26, 2023 10:56 PM"
backpack,배낭려행을 하다.,,,to learn,"Lesson 5, SELAA","March 26, 2023 10:57 PM"
under one’s breath,"아주 작은 소리로, 소곤소곤","Mike agreed to take out the garbage, saying under his breath, “I always do the dirty work around here.”",quietly; in a whisper,to learn,"Lesson 5, SELAA","March 26, 2023 10:57 PM"
senator,"(대학의) 리사장, 평의원",,,to define,"Lesson 9, SELAA","March 27, 2023 11:10 PM"
get something under one’s belt,<지식∙경력 등>을 어엿하게 갖다[달성하다],Kristen had three years of working for a large firm under her belt before leaving to start her own firm.,to have or to get experience,to define,"Lesson 9, SELAA","March 27, 2023 11:10 PM"
give someone a run for one’s money,치렬한 경쟁을 하다. 접전을 벌리다.,,to be strong competition,to define,"Lesson 9, SELAA","March 27, 2023 11:11 PM"
idiot,"바보, 멍청이",,,to define,"Lesson 9, SELAA","March 27, 2023 11:12 PM"
by far,"단연코, 훨씬",Some people think Tom Hanks is by far the best actor in America today.,by a wide margin; by a great difference,learned,"Lesson 9, SELAA","March 27, 2023 11:12 PM"
full of oneself,자기밖에 모르다,"After Angela appeared on the cover of Vogue magazine, she was really full of herself.",to think to much of oneself,to define,"Lesson 9, SELAA","March 27, 2023 11:13 PM"
kid around,"장난치다, 놀리다","Jeremy loves to kid around, so don’t be offended by anything he says.",to joke around,to define,"Lesson 9, SELAA","March 27, 2023 11:14 PM"
offend,"(모욕적 발언 등으로) ⋯의 기분을 상하게 하다, ⋯을 불쾌하게 하다",,,to define,"Lesson 9, SELAA","March 27, 2023 11:15 PM"
get down to business,"본론으로 들어가다, 본격적으로 일에 착수하다",Our dinner guests are arriving in two hours. We’d better get down to business and start preparing.,to get serious about a task,to define,"Lesson 9, SELAA","March 27, 2023 11:15 PM"
persuade,"⋯을 납득시키다, 믿게 하다",,,to define,"Lesson 9, SELAA","March 27, 2023 11:17 PM"
give someone the time of day,"⋯에게 인사하다, ⋯을 아는 체하다","Sandra never gave me the time of day back in college, but now she calls me all the time for advise",to ignore someone; to refuse to pay any attension to someone,to define,"Lesson 9, SELAA","March 27, 2023 11:17 PM"
give someone the cold shoulder,⋯에게 쌀쌀하게 대하다,,to be cold to someone on purpose; to snub someone,to define,"Lesson 9, SELAA","March 27, 2023 11:19 PM"
snub,"⋯을 랭대하다, 무시하다",,,to define,"Lesson 9, SELAA","March 27, 2023 11:19 PM"
goody-goody,(어른들에게 잘 보이려고) 착한 척하는 사람,Samantha is a real goody-goody. She always offers to erase the blackboard at the end of class.,self-righteously or smugly good,to define,"Lesson 9, SELAA","March 27, 2023 11:19 PM"
brown-nose,"아첨하다, 아부를 떨다",Lauren is such a brown-noser. She’s always telling her teacher how much she enjoys class.,"a person who’s constantly trying to win favor with people above them, such as teachers or bosses.",to define,"Lesson 9, SELAA","March 27, 2023 11:20 PM"
you scratch my back and I’ll scratch yours,"상부상조합시다, 나를 도와주면 나도 도와줄게요",I’ll help you with your homework if you do the dishes. You scratch my back and I’ll scratch yours.,"if you do me a favor, I’ll do you a favor; let’s cooperate",to define,"Lesson 9, SELAA","March 27, 2023 11:23 PM"
it’s a deal,"상부상조합시다, 나를 도와주면 나도 도와줄게요","You’ll make dinner every night for a month if I help you with your homework? Okay, it’s a deal!",I agree,to learn,"Lesson 9, SELAA","March 27, 2023 11:24 PM"
count on someone,"⋯을 믿다, ⋯에게 의지하다, ⋯가 ⋯할 것으로 기대하다[믿다]","If I can count on you to wake me up, I won’t set my alarm clock.",to depend or reply on someone,to print,"Lesson 9, SELAA","March 27, 2023 11:24 PM"
get under somebody’s skin,"⋯의 신경에 거슬리다, ⋯을 짜증 나게 하다",Don’t let him get under your skin.,to annoy or bother them,to define,,"March 28, 2023 2:03 AM"
make time for,시간을 내다.,I’ll be sure to make time for you when you visit me.,to put time in one’s schedule for something,to learn,"Lesson 10, SELAA","March 29, 2023 12:38 AM"
don’t mention it,(감사에 대한 대답으로) 별말씀을요!,"Thanks for bringing the cookies, Don’t mention it",You’re welcome,to learn,"Lesson 10, SELAA","March 29, 2023 12:39 AM"
What’s up?,"어떻게 지내니?, 잘 지내니? ((특히 친한 사이에서 쓰는 말))",You never call me anymore. What’s up with that?,What’s going on? What’s new?,to learn,"Lesson 10, SELAA","March 29, 2023 12:40 AM"
from scratch,"아무것도 없는 상태에서, 완전히 처음부터","The house was in such bad shape, they decided to tear it down and re-build it from scratch.",from the beginning; using all fresh ingredients rather than using a prepared mix,to print,"Lesson 10, SELAA","March 29, 2023 12:41 AM"
You can say that again,"(전적인 동의를 나타내며) 내 말이 바로 그 말이야, 정말 그래.",You think our house needs repairs? You can say that again - even our toilet is broken!,I agree with you,to print,"Lesson 10, SELAA","March 29, 2023 12:43 AM"
make a pig of oneself,과식하다,I made a pig of myself by eating four slices of pie.,to eat too much; to overeat,to define,"Lesson 10, SELAA","March 29, 2023 12:44 AM"
overeat,과식하다,,,to define,"Lesson 10, SELAA","March 29, 2023 12:45 AM"
just kidding,롱담이다.,I was just kidding when I said your new orange dress makes you look like a pumpkin.,talking more to get a laugh than anything,to learn,"Lesson 10, SELAA","March 29, 2023 12:45 AM"
go nuts,…에 열광적으로 환영하다.,"When Eminem appeared on stage, everybody went nuts.",to react with great enthusiasm,to define,"Lesson 10, SELAA","March 29, 2023 12:46 AM"
roll up one’s sleeves,"(하기 싫거나 힘든 일에 대해) 팔을 걷고 나서다, 착수하다",You’d better roll up your sleeves and finish your homework.,to prepare to work,to define,"Lesson 10, SELAA","March 29, 2023 12:48 AM"
figure out,<문제 등>을 해결하다,"Ted couldn’t figure out one of his math problems, so he asked his sister for help",t solve; to determine,to learn,"Lesson 10, SELAA","March 29, 2023 12:49 AM"
ballpark figure,견적,"The plumber estimated that it would cost $150 to fix our sink, but that was just a ballpark figure.",an approximate number,to print,"Lesson 10, SELAA","March 29, 2023 12:50 AM"
jump the gun,"너무 성급하게 행동하다, 지나치게 서두르다",Nicole really jumped the gun by writing her acceptance speech before the results of the elections were announced.,to start doing something too soon or ahead of everybody else,to print,"Lesson 10, SELAA","March 29, 2023 12:50 AM"
sit tight,기다리라.,"Sit tight, the doctor will be with you in a few minutes.",to wait patiently,to print,"Lesson 10, SELAA","March 29, 2023 12:52 AM"
resist,"<유혹∙충동∙좋아하는 것 등> 을 물리치다, 참다",I couldn’t resist taking a look in the box. 나는 상자 안을 들여다보지 않고는 견딜 수 없었다,,to define,"Lesson 10, SELAA","March 29, 2023 12:53 AM"
can’t complain,그런대로 괜찮다,"How’s business, Mike? Can’t complain. I sold a lot of computers this month.",Things are going well; I’m fine,to define,"Lesson 11, SELAA","March 30, 2023 12:43 AM"
crunch numbers,복잡한 계산을 하다,"Scott loves to crunch numbers, so he decided to become an accountant.",to perform calculations (especially financial calculations),to define,"Lesson 11, SELAA","March 30, 2023 12:43 AM"
out of the question,"론의할 필요도 없는, 절대 불가능한","My friend Emily wanted me to climb Mount McKinley with her, but I told her it was out of the question.",impossible,to define,"Lesson 11, SELAA","March 30, 2023 12:44 AM"
worth one’s while,"리득이 있는, 시간랑비가 아닌",It would be worth your while to audition for the game show Jeopardy. You’d probably win a lot of money.,worthy of one’s effort or time,to define,"Lesson 11, SELAA","March 30, 2023 12:45 AM"
sweeten the deal,좋은 조건으로 해줄게. 잘 해줄게,IBM offered to sweeten the deal by giving John a company car if he agreed to work for them.,to make an offer more attractive,to define,"Lesson 11, SELAA","March 30, 2023 12:46 AM"
make a living,살기 위해 필요한 돈을 벌다,"May people laugh at him, but Bill actually makes a living selling gourmet dog food.",to earn enough money to support oneself,to define,"Lesson 11, SELAA","March 30, 2023 12:47 AM"
take it or leave it,받아들이든지 말든지 알아서 하라,"The highest salary we can offer you is $50,000 a year - take it or leave it","accept or reject an offer, usually a final one",to define,"Lesson 11, SELAA","March 30, 2023 12:49 AM"
now you’re talking,(상대의 의견에 찬성하며) 그거 좋은 생각이네!,You want to offer me free tickets to the J.Lo concert? Now you’re talking!,you’re saying the right thing,to define,"Lesson 11, SELAA","March 30, 2023 12:50 AM"
drive a hard bargain,강하게 밀어붙여 유리하게 거래하다,"I wanted to pay less for the car, but the salesman drove a hard bargain.",to be tough in negotiating an agreement; to negotiate something in one’s favor,to define,"Lesson 11, SELAA","March 30, 2023 12:50 AM"
get the ball rolling,시작하다,Let’s get the ball rolling on this project. We’ve only got one week to finish it.,to get started,to define,"Lesson 11, SELAA","March 30, 2023 12:51 AM"
ingredient,(음식의) 재료,,,to define,"Lesson 11, SELAA","March 30, 2023 1:02 AM"
seasoned,"경험이 많은, 로련한",,,to define,"Lesson 11, SELAA","March 30, 2023 1:15 AM"
lend a hand,도와주다,Would you mind leading a hand in the garden? We need to finish planting these flowers before it starts raining.,to help,to define,"Lesson 13, SELAA","April 3, 2023 5:36 AM"
all the rage,류행이다.,"At Nate’s high school, salsa dancing is all the rage this year.",the latest fashion; popular right now,to define,"Lesson 13, SELAA","April 3, 2023 5:39 AM"
take a break,휴식하다. (take a rest는 보다 긴시간을 쉬는것),Let’s take a break from our work and go get some ice cream.,to stop and rest from an activity,to define,"Lesson 13, SELAA","April 3, 2023 5:40 AM"
take over,"(⋯을) 넘겨받다, 인계받다","After 11 hours of driving, I was getting tired. Fortunately, my friend offered to take over.",to assume control,to define,"Lesson 13, SELAA","April 3, 2023 5:41 AM"
in good hands,믿을 수 있는 사람에게 맡겨져,You’re in good hands with Tony. He’s excellent driver.,"in good, competent care",to define,"Lesson 13, SELAA","April 3, 2023 5:42 AM"
know someone’s stuff,자기 분야의 지식을 가지다.,Steve has been an auto mechanic for 25 years. He really knows his stuff.,to have an expertise in a field,to define,"Lesson 13, SELAA","April 3, 2023 5:43 AM"
miscellaneous,mɪsəˈleɪniəs / 잡다한,,,to define,BID,"April 3, 2023 5:44 AM"
have a sweet tooth,단것을 좋아하다,No wonder Liz is so overweight. She’s got such a sweet tooth!,an enjoyment of sugary foods,to define,"Lesson 13, SELAA","April 3, 2023 5:45 AM"
lose someone’s touch,"실력이 약해지다, 솜씨가 떨어지다.","I used to make delicious pies, but this one tastes terrible. I think I’ve lost my touch",to no longer be able to something well,to define,"Lesson 13, SELAA","April 3, 2023 5:46 AM"
out of practice,"련습이 부족한, (련습 부족으로) 실력이 떨어진","I used to play tennis every day, but I haven’t played in years. I’m out of practice.",no longer good at doing something,to define,"Lesson 13, SELAA","April 3, 2023 5:47 AM"
pick up,"배우다, 습득하다.",Diana picked up some great new ideas at the workshop,to learn; to acquire,to define,"Lesson 13, SELAA","April 3, 2023 5:48 AM"
assume,<책임∙역할 등> 을 떠맡다,Jim Paton will assume the role of finance director. 짐 패튼이 재무리사 역을 맡을 것이다,,to define,"Lesson 13, SELAA","April 3, 2023 5:48 AM"
acquire,습득하다,Elsa acquired a good knowledge of Chinese. 엘사는 중국어를 꽤 많이 익혔다,acquire something from somebody/something,to define,"Lesson 13, SELAA","April 3, 2023 5:49 AM"
trick of the trade,경험으로 얻은 꾀,My new job will be easier once I learn some tricks of the trade.,Clever shortcuts gained by experience,to define,"Lesson 13, SELAA","April 3, 2023 5:49 AM"
feel free,(주저말고) 그렇게 하십시오,Feel free to interrupt me and ask questions during my lecture.,go ahead and do something; don’t hesitate (to do something),to define,"Lesson 13, SELAA","April 3, 2023 5:50 AM"
get out of the way,"<어려운 일 등>을 처리하다, 끝내놓다","If you ‘are not planning on helping us prepare dinner, please get out of the way. The kitchen is crowded.",to move out of the way; to stop interfering with someone’s plans or activities,to define,"Lesson 13, SELAA","April 3, 2023 5:51 AM"
too many cooks spoil the broth,사공이 많으면 배가 산으로 간다,"You don’t need to help us. We have enough people helping already, and too many cooks spoil the broth",too many people involved in an activity can ruin it,to define,"Lesson 13, SELAA","April 3, 2023 5:53 AM"
call it a night,(시간이 늦어) (그만) 자러 가기로 하다,We spent a few hours walking around downtown Chicago. It was so cold that we were ready to call it a night by nine o’clock.,to stop an activity for the rest of the night,to define,"Lesson 13, SELAA","April 3, 2023 5:54 AM"
work somebody’s tail off,열심히 일하다.,"Bob worked his tail off at the furniture store, but his boss fired him anyway.",to work very hard,to define,"Lesson 13, SELAA","April 3, 2023 5:55 AM"
love at first sight,첫눈에 반하다,Tony liked Tara immediately. It was love at first sight!,an immediate attraction,to define,"Lesson 14, SELAA","April 3, 2023 7:08 PM"
(to be) nuts about,누군가에 미치다. (사랑),We’re just nuts about our new neighbors. We have them over for dinner once a month.,to like very much,to define,"Lesson 14, SELAA","April 3, 2023 7:08 PM"
break up with somebody,<애인>과 헤어지다,"After dating her boyfriend Dan for four years, Erica finally decided to break up with him.",to end a relationship with a romantic partner,to define,"Lesson 14, SELAA","April 3, 2023 7:10 PM"
give me a break,"'적당히 좀 해!', '롱담하지 마시오!' 등의 뜻으로, 믿을 수 없거나 터무니없는 말에 대답하는 말",You want me to pay $3 for one cookie? Give me a break!,that’s ridiculous; that’s outrageous,to define,"Lesson 14, SELAA","April 3, 2023 7:11 PM"
outrageous,aʊtˈreɪdʒəs/ 터무니없는,,,to define,"Lesson 14, SELAA","April 3, 2023 7:12 PM"
crank out,"(짧은 시간 동안) ⋯을 생산하다, 대량생산하다",We just bought a new printer at work. It can crank out 20 pages per minute.,to produce rapidly or in a routine manner,to define,"Lesson 14, SELAA","April 3, 2023 7:12 PM"
head over heels in love,(사랑에) 푹 빠져,"During the first years of their marriage, Brad and Jennifer were head over heels in love with each other.",Very much in love,to define,"Lesson 14, SELAA","April 3, 2023 7:13 PM"
crunch time,결정적인 순간,May is crunch time for many students. It’s when they have their final exams.,a short period when there’s high pressure to achieve a result.,to define,"Lesson 14, SELAA","April 3, 2023 7:14 PM"
(to have a) one-track mind,"머릿속에 한 가지 일밖에 없다, 오로지 한 가지 생각만 하다",Ryan thinks about football all the time. He’s got a one-track mind.,having all thoughts directed to just one thing or activity; focused on just one thing,to define,"Lesson 14, SELAA","April 3, 2023 7:15 PM"
(to) plug away (at something),끈기있게[꾸준히] 해 나가다,"Don’t give up on chemistry class. If you keep plugging away, you will eventually learn the material.",to proceed with a boring or routine task; to keep trying,to define,"Lesson 14, SELAA","April 3, 2023 7:17 PM"
go ahead,그렇게 하시오.,We have more than enough food for dinner. Go ahead and invite your friend to join us.,to continue; to proceed without hesitation,to define,"Lesson 14, SELAA","April 3, 2023 7:18 PM"
treat somebody like dirt,⋯을 개떡같이 대하다,I feel sorry for Jeffrey. The kids at school are very nasty to him. They really treat him like dirt.,to behave in a nasty way towards somebody; to treat someone poorly,to define,"Lesson 14, SELAA","April 3, 2023 7:19 PM"
make out,〘일상어〙 서로 키스하며 애무하다,Ted and Amber started making out at the stoplight and didn’t realize that the light had turned green.,to kiss with much passion,to define,"Lesson 14, SELAA","April 3, 2023 7:21 PM"
pull an all-nighter,밤을 새다,"I’ve got a 20-page paper due tomorrow morning, and I haven’t even started writing it yet. I guess I’ll be pulling an all-nighter!",to stay up all night to do work,to define,"Lesson 15, SELAA","April 4, 2023 5:06 PM"
no wonder,…은 놀랄만한 일이 아니다.,No wonder you’re cold - It’s January and you’re walking around outside without a coat!,it’s not surprising,to define,"Lesson 15, SELAA","April 4, 2023 5:08 PM"
basket case,"〘일상어〙 (긴장∙흥분 등으로) 안절부절못하는 사람, 정신없는 사람","After working 12-hour day and then coming home and cooking dinner for her family, Tanya felt like a basket case.",someone or something in a useless or hopeless condition,to define,"Lesson 15, SELAA","April 4, 2023 5:09 PM"
load off your mind,마음이 한결 가볍다.,Finishing her English essay was a load off Nicole’s mind.,a relief,to define,"Lesson 15, SELAA","April 4, 2023 5:11 PM"
essay,(학생이 과제로 쓰는) 보고서,,,to define,"Lesson 15, SELAA","April 4, 2023 5:11 PM"
nervous wreck,신경쇠약,"Whenever Nicole rides on the back of her friend’s motorcycle, Susan is a nervous wreck.",a person feeling very worried,to define,"Lesson 15, SELAA","April 4, 2023 5:11 PM"
a rule of thumb,"(경험에 근거한) 통상적인 원칙, 통상적으로 말할 수 있는 바","When cooking fish, a good rule of thumb is 10 minutes in the oven for each inch of thickness.",a useful principle,to define,"Lesson 15, SELAA","April 4, 2023 5:12 PM"
conventional wisdom,"통념, 통설","According to conventional wisdom, a diet high in salt can cause high blood pressure.",a widely held belief,to define,"Lesson 15, SELAA","April 4, 2023 5:13 PM"
do the trick,"문제를 해결해주다, 효과가 있다",Juan changed the light bulb and said “That should do the trick!”,to achieve the desired results,to define,"Lesson 15, SELAA","April 4, 2023 5:14 PM"
in reality,실제로는,"Ted thinks it’ll be easy to become a rock star. In reality, it will take years of hard work.",in fact; actually,to define,"Lesson 15, SELAA","April 4, 2023 5:15 PM"
turn off,"…의 흥미를 잃게 하다,","I used to be friends with Monica, but she gossiped all the time and it really turned me off",to cause to feel dislike or revulsion,to define,"Lesson 15, SELAA","April 4, 2023 5:16 PM"
gossiped,"(남의 사생활∙소문 등에 대해) 입방아를 찧다, 뒤소리하다",,,to define,"Lesson 15, SELAA","April 4, 2023 5:17 PM"
(to have a) big head,"자만, 우쭐함",Jenny has such a big head. No wonder nobody wants to be friends with her!,too proud of oneself,to define,"Lesson 15, SELAA","April 4, 2023 5:17 PM"
I’ll say!,"(강조의 뜻으로) 정말 그렇습니다, 물론이죠",Did you enjoy the Madonna concert? I’ll say!,"yes, definitely!",to define,"Lesson 15, SELAA","April 4, 2023 5:18 PM"
convince,,,,to define,,"April 5, 2023 1:36 AM"
compelling,사람을 끌어당기는,There is compelling evidence that she murdered her husband. 그녀가 남편을 살해했다는 유력한 증거가 있다,,to define,BID,"April 5, 2023 1:38 AM"